CHR	START	END	name	log2FC(CD28-negative_vs_CD28-positive)	strand	CD28-negative	CD28-positive	summit
chr1	2443844	2444244	CD28-positive	-1.20121239000552	+	22.220376664924	51.0919380709143	2444044
chr1	4267445	4267845	CD28-positive	-1.11911130979063	+	55.55094166231	120.663938848329	4267645
chr1	4328413	4328813	CD28-positive	-1.10605515696518	+	16.665282498693	35.8730629008547	4328613
chr1	7526996	7527396	CD28-negative	1.03400407168851	+	104.620940130684	51.0919380709143	7527196
chr1	7747629	7748029	CD28-positive	-1.23158603904904	+	20.3686786095137	47.8307505344729	7747829
chr1	8147099	8147499	CD28-negative	1.00287921458799	+	111.10188332462	55.4401881195027	8147299
chr1	8167239	8167639	CD28-positive	-1.5535141339364	+	16.665282498693	48.91781304662	8167439
chr1	8197788	8198188	CD28-negative	1.05381617981321	+	36.1081120805015	17.3930001943538	8197988
chr1	9573682	9574082	CD28-positive	-1.13428883769412	+	21.2945276372188	46.7436880223258	9573882
chr1	12518923	12519323	CD28-negative	1.05792057814595	+	40.7373572190273	19.567125218648	12519123
chr1	15501385	15501785	CD28-positive	-1.02008193385533	+	20.3686786095137	41.3083754615903	15501585
chr1	20332953	20333353	CD28-positive	-1.29047972810261	+	22.220376664924	54.3531256073556	20333153
chr1	23904704	23905104	CD28-negative	1.04525416630979	+	116.656977490851	56.5272506316498	23904904
chr1	31505935	31506335	CD28-positive	-1.07288829302998	+	22.220376664924	46.7436880223258	31506135
chr1	36458882	36459282	CD28-negative	1.12830990603734	+	71.2903751332978	32.6118753644134	36459082
chr1	39452625	39453025	CD28-negative	1.44301367415679	+	76.8454692995288	28.2636253158249	39452825
chr1	39666757	39667157	CD28-negative	1.11521672447735	+	108.324336241504	50.0048755587672	39666957
chr1	41487400	41487800	CD28-negative	1.35952868865371	+	217.574521510714	84.7908759474747	41487600
chr1	42017241	42017641	CD28-negative	1.11155854174802	+	126.841316795608	58.7013756559441	42017441
chr1	47351312	47351712	CD28-negative	1.07507529918501	+	43.5149043021428	20.6541877307951	47351512
chr1	51442182	51442582	CD28-positive	-1.02008193385533	+	20.3686786095137	41.3083754615903	51442382
chr1	53498722	53499122	CD28-positive	-1.03894096110664	+	25.9237727757447	53.2660630952085	53498922
chr1	59272475	59272875	CD28-negative	1.76841396095096	+	88.881506659696	26.0895002915307	59272675
chr1	59318055	59318455	CD28-negative	1.11756352457335	+	99.0658459644528	45.6566255101787	59318255
chr1	59389860	59390260	CD28-negative	1.29387544992346	+	87.9556576319908	35.8730629008547	59390060
chr1	59409556	59409956	CD28-negative	1.0115276726615	+	173.133768180866	85.8779384596219	59409756
chr1	59474045	59474445	CD28-negative	1.1731364046205	+	473.10885315734	209.803064844393	59474245
chr1	59494451	59494851	CD28-negative	1.20335101766751	+	67.5869790224771	29.350687827972	59494651
chr1	61302303	61302703	CD28-negative	1.18039166048075	+	290.716594699422	128.273376433359	61302503
chr1	61332239	61332639	CD28-negative	1.35337646167212	+	130.544712906428	51.0919380709143	61332439
chr1	65215580	65215980	CD28-negative	1.00760162483039	+	133.322259989544	66.3108132409738	65215780
chr1	75981133	75981533	CD28-positive	-1.23158603904904	+	23.1462256926292	54.3531256073556	75981333
chr1	76494749	76495149	CD28-negative	1.13098404033567	+	49.995847496079	22.8283127550894	76494949
chr1	83520823	83521223	CD28-negative	1.13519629162258	+	45.3666023575531	20.6541877307951	83521023
chr1	83583617	83584017	CD28-negative	1.25716114641281	+	80.5488654103495	33.6989378765605	83583817
chr1	88982098	88982498	CD28-negative	1.10073366168492	+	193.50244679038	90.2261885082103	88982298
chr1	89034015	89034415	CD28-positive	-1.5660050781196	+	21.2945276372188	63.0496257045325	89034215
chr1	89070360	89070760	CD28-negative	1.22092616564847	+	48.1441494406686	20.6541877307951	89070560
chr1	91763244	91763644	CD28-negative	1.06518857860999	+	921.21978256664	440.26031741958	91763444
chr1	93701646	93702046	CD28-negative	1.48462099495037	+	42.5890552744376	15.2188751700596	93701846
chr1	97377358	97377758	CD28-positive	-1.04872198189923	+	19.4428295818085	40.2213129494431	97377558
chr1	99992980	99993380	CD28-negative	1.10183769467615	+	58.3284887454255	27.1765628036778	99993180
chr1	100746143	100746543	CD28-negative	1.21907536996053	+	75.9196202718236	32.6118753644134	100746343
chr1	109890204	109890604	CD28-negative	1.38990233769723	+	37.0339611082067	14.1318126579125	109890404
chr1	110235947	110236347	CD28-negative	1.12205091556566	+	42.5890552744376	19.567125218648	110236147
chr1	111556295	111556695	CD28-positive	-1.15758545760526	+	18.5169805541033	41.3083754615903	111556495
chr1	114745373	114745773	CD28-negative	1.07826922353775	+	110.176034296915	52.1790005830614	114745573
chr1	115680055	115680455	CD28-positive	-1.13600837906681	+	36.1081120805015	79.3555633867392	115680255
chr1	116711250	116711650	CD28-positive	-1.1441231977987	+	15.7394334709878	34.7860003887076	116711450
chr1	147030286	147030686	CD28-negative	1.02367101619304	+	68.5128280501823	33.6989378765605	147030486
chr1	147762440	147762840	CD28-positive	-1.1161088216291	+	24.0720747203343	52.1790005830614	147762640
chr1	150181492	150181892	CD28-negative	1.17051240452231	+	34.2564140250912	15.2188751700596	150181692
chr1	151494814	151495214	CD28-negative	1.47367069538983	+	69.4386770778875	25.0024377793836	151495014
chr1	151815723	151816123	CD28-positive	-1.02513516158161	+	55.55094166231	113.0545012633	151815923
chr1	156369026	156369426	CD28-negative	1.02475371421075	+	39.8115081913221	19.567125218648	156369226
chr1	158716362	158716762	CD28-negative	1.25244755282134	+	191.650748734969	80.4426258988863	158716562
chr1	161351504	161351904	CD28-negative	1.10658269684554	+	248.127539424985	115.228626287594	161351704
chr1	171923015	171923415	CD28-positive	-1.26400751674142	+	20.3686786095137	48.91781304662	171923215
chr1	173154058	173154458	CD28-positive	-1.27222802354638	+	32.4047159696808	78.2685008745921	173154258
chr1	173809520	173809920	CD28-positive	-1.15358352704777	+	17.5911315263982	39.134250437296	173809720
chr1	176164300	176164700	CD28-negative	1.02406883641916	+	108.324336241504	53.2660630952085	176164500
chr1	178273696	178274096	CD28-negative	1.22784557958826	+	122.212071657082	52.1790005830614	178273896
chr1	180338791	180339191	CD28-negative	1.05381617981321	+	36.1081120805015	17.3930001943538	180338991
chr1	181846704	181847104	CD28-negative	1.12830990603734	+	71.2903751332978	32.6118753644134	181846904
chr1	186993031	186993431	CD28-negative	1.1040169927354	+	49.0699984683738	22.8283127550894	186993231
chr1	186995859	186996259	CD28-negative	1.22784557958826	+	91.6590537428115	39.134250437296	186996059
chr1	189859372	189859772	CD28-negative	1.24646125775561	+	36.1081120805015	15.2188751700596	189859572
chr1	192966065	192966465	CD28-positive	-1.00602633863391	+	35.1822630527963	70.6590632895623	192966265
chr1	193043140	193043540	CD28-negative	1.14187235647841	+	52.7733945791945	23.9153752672365	193043340
chr1	193797219	193797619	CD28-negative	1.3377796066211	+	85.1781105488753	33.6989378765605	193797419
chr1	197174108	197174508	CD28-negative	1.17176965518217	+	75.9196202718236	33.6989378765605	197174308
chr1	197738977	197739377	CD28-negative	1.09034205583832	+	50.9216965237841	23.9153752672365	197739177
chr1	198136163	198136563	CD28-negative	1.20198741166723	+	217.574521510714	94.5744385567988	198136363
chr1	208604324	208604724	CD28-negative	1.21717207807381	+	93.5107517982218	40.2213129494431	208604524
chr1	210882779	210883179	CD28-negative	1.22213192839387	+	58.3284887454255	25.0024377793836	210882979
chr1	217857493	217857893	CD28-negative	1.03144836678476	+	55.55094166231	27.1765628036778	217857693
chr1	220161094	220161494	CD28-negative	1.32356765245606	+	443.481684270775	177.191189479979	220161294
chr1	220161607	220162007	CD28-negative	1.18345146022981	+	88.881506659696	39.134250437296	220161807
chr1	221630346	221630746	CD28-negative	1.05529510873912	+	56.4767906900151	27.1765628036778	221630546
chr1	221691287	221691687	CD28-negative	1.15577650178696	+	302.752632059589	135.882814018389	221691487
chr1	221824052	221824452	CD28-negative	1.65593923169255	+	102.769242075273	32.6118753644134	221824252
chr1	226026692	226027092	CD28-negative	1.04143245535738	+	53.6992436068996	26.0895002915307	226026892
chr1	229129250	229129650	CD28-positive	-1.00296166400108	+	53.6992436068996	107.619188702564	229129450
chr1	230922631	230923031	CD28-positive	-1.03894096110664	+	18.5169805541033	38.0471879251489	230922831
chr1	232578626	232579026	CD28-positive	-1.1644718431905	+	40.7373572190273	91.3132510203574	232578826
chr1	240622468	240622868	CD28-negative	1.09034205583832	+	87.9556576319908	41.3083754615903	240622668
chr1	241886169	241886569	CD28-positive	-1.19094405455169	+	16.665282498693	38.0471879251489	241886369
chr1	242225608	242226008	CD28-negative	1.83880328884236	+	77.771318327234	21.7412502429422	242225808
chr10	1323988	1324388	CD28-negative	1.35337646167212	+	36.1081120805015	14.1318126579125	1324188
chr10	2948450	2948850	CD28-negative	1.04258892438996	+	192.576597762675	93.4873760446516	2948650
chr10	2978073	2978473	CD28-negative	1.02367101619304	+	68.5128280501823	33.6989378765605	2978273
chr10	3527128	3527528	CD28-negative	1.18831721540162	+	91.6590537428115	40.2213129494431	3527328
chr10	3926769	3927169	CD28-negative	1.38139083784172	+	144.432448322006	55.4401881195027	3926969
chr10	4344636	4345036	CD28-negative	1.00942206045476	+	48.1441494406686	23.9153752672365	4344836
chr10	5949334	5949734	CD28-positive	-1.56862102632661	+	17.5911315263982	52.1790005830614	5949534
chr10	6058663	6059063	CD28-negative	1.02124411550821	+	443.481684270775	218.49956494157	6058863
chr10	8563433	8563833	CD28-negative	1.09227726074404	+	345.341687334027	161.97231430992	8563633
chr10	9229735	9230135	CD28-positive	-1.02299941723762	+	24.0720747203343	48.91781304662	9229935
chr10	11218310	11218710	CD28-negative	1.02217055319675	+	114.805279435441	56.5272506316498	11218510
chr10	16799631	16800031	CD28-negative	1.09034205583832	+	83.326412493465	39.134250437296	16799831
chr10	17126306	17126706	CD28-negative	1.31094119535172	+	62.0318848562461	25.0024377793836	17126506
chr10	18643231	18643631	CD28-negative	1.01417037535292	+	76.8454692995288	38.0471879251489	18643431
chr10	27541702	27542102	CD28-positive	-1.17348308448547	+	35.1822630527963	79.3555633867392	27541902
chr10	30954266	30954666	CD28-negative	1.39290482585876	+	68.5128280501823	26.0895002915307	30954466
chr10	31509971	31510371	CD28-positive	-1.06166103760673	+	24.9979237480395	52.1790005830614	31510171
chr10	35035524	35035924	CD28-negative	1.27430489068092	+	65.7352809670668	27.1765628036778	35035724
chr10	35459435	35459835	CD28-positive	-1.20495091254557	+	75.9196202718236	175.017064455685	35459635
chr10	35540492	35540892	CD28-negative	1.13098404033567	+	49.995847496079	22.8283127550894	35540692
chr10	45803036	45803436	CD28-positive	-1.45397846038549	+	24.9979237480395	68.4849382652681	45803236
chr10	45941170	45941570	CD28-negative	1.06386984447713	+	49.995847496079	23.9153752672365	45941370
chr10	47448964	47449364	CD28-positive	-1.01399460397641	+	23.1462256926292	46.7436880223258	47449164
chr10	58550803	58551203	CD28-positive	-1.08573517258558	+	24.0720747203343	51.0919380709143	58551003
chr10	60643883	60644283	CD28-negative	1.27091430148015	+	62.9577338839513	26.0895002915307	60644083
chr10	62064137	62064537	CD28-negative	1.01457454822036	+	283.309802477781	140.231064066977	62064337
chr10	62225391	62225791	CD28-negative	1.06454605496099	+	359.229422749605	171.755876919244	62225591
chr10	67978735	67979135	CD28-negative	1.29679293330575	+	69.4386770778875	28.2636253158249	67978935
chr10	70432889	70433289	CD28-positive	-1.06808730676616	+	25.9237727757447	54.3531256073556	70433089
chr10	70618151	70618551	CD28-negative	1.02322785997979	+	97.2141479090425	47.8307505344729	70618351
chr10	70742575	70742975	CD28-negative	1.12389461554935	+	80.5488654103495	36.9601254130018	70742775
chr10	77281733	77282133	CD28-positive	-1.07958294560399	+	18.5169805541033	39.134250437296	77281933
chr10	79027571	79027971	CD28-positive	-1.00179895754147	+	150.913391515942	302.203378376897	79027771
chr10	87013573	87013973	CD28-positive	-1.03894096110664	+	22.220376664924	45.6566255101787	87013773
chr10	88130919	88131319	CD28-positive	-1.23158603904904	+	19.4428295818085	45.6566255101787	88131119
chr10	92462957	92463357	CD28-positive	-1.11129180533133	+	23.1462256926292	50.0048755587672	92463157
chr10	96063153	96063553	CD28-negative	1.29634551663574	+	344.415838306322	140.231064066977	96063353
chr10	102770070	102770470	CD28-negative	1.19343554880243	+	134.248109017249	58.7013756559441	102770270
chr10	102772258	102772658	CD28-negative	1.35337646167212	+	55.55094166231	21.7412502429422	102772458
chr10	109978361	109978761	CD28-positive	-1.02378115393564	+	37.9598101359118	77.181438362445	109978561
chr10	110324787	110325187	CD28-negative	1.16371524216854	+	224.05546470465	100.009751117534	110324987
chr10	114191726	114192126	CD28-negative	1.12455777117624	+	59.2543377731306	27.1765628036778	114191926
chr10	114261115	114261515	CD28-negative	1.02217055319675	+	86.1039595765805	42.3954379737374	114261315
chr10	114930397	114930797	CD28-positive	-1.00531018322536	+	28.7013198588602	57.6143131437969	114930597
chr10	119836801	119837201	CD28-negative	1.06568000160406	+	134.248109017249	64.1366882166796	119837001
chr10	121910628	121911028	CD28-negative	1.37846744263495	+	53.6992436068996	20.6541877307951	121910828
chr11	970254	970654	CD28-positive	-1.47951355249262	+	22.220376664924	61.9625631923854	970454
chr11	1792470	1792870	CD28-negative	1.28298713378072	+	37.0339611082067	15.2188751700596	1792670
chr11	4020259	4020659	CD28-negative	1.28778812004454	+	39.8115081913221	16.3059376822067	4020459
chr11	4146036	4146436	CD28-negative	1.00545315825181	+	61.106035828541	30.4377503401191	4146236
chr11	6201494	6201894	CD28-negative	1.07893729256607	+	291.642443727127	138.056939042683	6201694
chr11	6351773	6352173	CD28-negative	1.09522427721807	+	137.025656100365	64.1366882166796	6351973
chr11	7592735	7593135	CD28-positive	-1.04603038589296	+	53.6992436068996	110.880376239005	7592935
chr11	9159093	9159493	CD28-negative	1.12596596556905	+	75.9196202718236	34.7860003887076	9159293
chr11	15118416	15118816	CD28-negative	1.04775017911386	+	494.403380794559	239.153752672365	15118616
chr11	15216701	15217101	CD28-negative	1.07653625631329	+	48.1441494406686	22.8283127550894	15216901
chr11	17369164	17369564	CD28-negative	1.03589427181595	+	60.1801868008358	29.350687827972	17369364
chr11	19442262	19442662	CD28-negative	1.16304524956797	+	216.648672483009	96.748563581093	19442462
chr11	26743610	26744010	CD28-negative	1.32784136956498	+	51.8475455514893	20.6541877307951	26743810
chr11	32382671	32383071	CD28-negative	1.05286735041966	+	87.9556576319908	42.3954379737374	32382871
chr11	34214887	34215287	CD28-negative	1.3433227970082	+	132.396410961839	52.1790005830614	34215087
chr11	35330915	35331315	CD28-positive	-1.00363409237069	+	180.540560402507	361.991816544988	35331115
chr11	35598549	35598949	CD28-negative	1.49959720252316	+	76.8454692995288	27.1765628036778	35598749
chr11	41309145	41309545	CD28-negative	1.58657563796515	+	62.0318848562461	20.6541877307951	41309345
chr11	43377378	43377778	CD28-positive	-1.33112171259995	+	25.9237727757447	65.2237507288267	43377578
chr11	43413555	43413955	CD28-negative	1.01634147439455	+	35.1822630527963	17.3930001943538	43413755
chr11	44551807	44552207	CD28-negative	1.40312949686922	+	54.6250926346048	20.6541877307951	44552007
chr11	46445196	46445596	CD28-negative	1.12596596556905	+	37.9598101359118	17.3930001943538	46445396
chr11	59829361	59829761	CD28-negative	1.02828108770607	+	84.2522615211701	41.3083754615903	59829561
chr11	60307842	60308242	CD28-negative	1.65823104320054	+	58.3284887454255	18.4800627065009	60308042
chr11	65595351	65595751	CD28-positive	-1.03894096110664	+	62.9577338839513	129.360438945506	65595551
chr11	68047222	68047622	CD28-negative	1.35337646167212	+	36.1081120805015	14.1318126579125	68047422
chr11	71914732	71915132	CD28-negative	1.08418982885673	+	108.324336241504	51.0919380709143	71914932
chr11	72353146	72353546	CD28-negative	1.19064696163401	+	62.0318848562461	27.1765628036778	72353346
chr11	73360452	73360852	CD28-negative	1.12205091556566	+	42.5890552744376	19.567125218648	73360652
chr11	75100280	75100680	CD28-negative	1.05220692695155	+	155.542636654468	75.0073133381507	75100480
chr11	78552968	78553368	CD28-positive	-1.06931461015016	+	43.5149043021428	91.3132510203574	78553168
chr11	78801087	78801487	CD28-positive	-1.15758545760526	+	18.5169805541033	41.3083754615903	78801287
chr11	84496109	84496509	CD28-negative	1.59284239636751	+	78.6971673549391	26.0895002915307	84496309
chr11	85395534	85395934	CD28-positive	-1.08884586693296	+	63.8835829116565	135.882814018389	85395734
chr11	85779829	85780229	CD28-negative	1.05964525861541	+	86.1039595765805	41.3083754615903	85780029
chr11	86008104	86008504	CD28-negative	1.19627550058739	+	104.620940130684	45.6566255101787	86008304
chr11	95222828	95223228	CD28-negative	1.43583862186409	+	49.995847496079	18.4800627065009	95223028
chr11	100576404	100576804	CD28-negative	1.29197591700797	+	42.5890552744376	17.3930001943538	100576604
chr11	105192129	105192529	CD28-negative	1.05792057814595	+	40.7373572190273	19.567125218648	105192329
chr11	107864161	107864561	CD28-negative	1.13950811264221	+	359.229422749605	163.059376822067	107864361
chr11	111417736	111418136	CD28-negative	1.13098404033567	+	133.322259989544	60.8755006802383	111417936
chr11	111526605	111527005	CD28-negative	1.07297492386824	+	267.570369006793	127.186313921212	111526805
chr11	112874965	112875365	CD28-negative	1.21772136231455	+	65.7352809670668	28.2636253158249	112875165
chr11	114604197	114604597	CD28-negative	1.01233954383705	+	41.6632062467325	20.6541877307951	114604397
chr11	115925133	115925533	CD28-negative	1.30249529266993	+	541.621681207522	219.586627453717	115925333
chr11	121091487	121091887	CD28-negative	1.01127048484713	+	65.7352809670668	32.6118753644134	121091687
chr11	122897564	122897964	CD28-negative	1.16073138372972	+	116.656977490851	52.1790005830614	122897764
chr11	125053107	125053507	CD28-negative	1.07507529918501	+	43.5149043021428	20.6541877307951	125053307
chr11	127345828	127346228	CD28-negative	1.05381617981321	+	36.1081120805015	17.3930001943538	127346028
chr11	128599728	128600128	CD28-negative	1.09034205583832	+	55.55094166231	26.0895002915307	128599928
chr11	129024052	129024452	CD28-positive	-1.12849254608493	+	26.8496218034498	58.7013756559441	129024252
chr11	129417992	129418392	CD28-negative	1.00190409117074	+	80.5488654103495	40.2213129494431	129418192
chr11	130631064	130631464	CD28-negative	1.27537394967085	+	99.991694992158	41.3083754615903	130631264
chr11	131606840	131607240	CD28-negative	1.47890734375598	+	99.991694992158	35.8730629008547	131607040
chr11	131611903	131612303	CD28-negative	1.46143620752957	+	89.8073556874011	32.6118753644134	131612103
chr11	131645897	131646297	CD28-negative	1.11633726437127	+	51.8475455514893	23.9153752672365	131646097
chr11	132343431	132343831	CD28-negative	1.23789924425218	+	99.991694992158	42.3954379737374	132343631
chr11	133821670	133822070	CD28-negative	1.23308222795441	+	63.8835829116565	27.1765628036778	133821870
chr11	134588977	134589377	CD28-positive	-1.00919361771259	+	38.885659163617	78.2685008745921	134589177
chr12	259092	259492	CD28-positive	-1.02008193385533	+	40.7373572190273	82.6167509231805	259292
chr12	1993415	1993815	CD28-negative	1.2514968476529	+	113.879430407735	47.8307505344729	1993615
chr12	3947811	3948211	CD28-positive	-1.03894096110664	+	48.1441494406686	98.9226886053872	3948011
chr12	6167802	6168202	CD28-negative	1.07242014784106	+	185.169805541033	88.0520634839161	6168002
chr12	6200179	6200579	CD28-positive	-1.21471222048464	+	39.8115081913221	92.4003135325045	6200379
chr12	6312765	6313165	CD28-negative	1.19725725975484	+	97.2141479090425	42.3954379737374	6312965
chr12	9685927	9686327	CD28-positive	-1.18267643856809	+	27.775470831155	63.0496257045325	9686127
chr12	11228273	11228673	CD28-negative	1.09034205583832	+	74.0679222164133	34.7860003887076	11228473
chr12	14185898	14186298	CD28-positive	-1.00531018322536	+	28.7013198588602	57.6143131437969	14186098
chr12	16939790	16940190	CD28-negative	1.11633726437127	+	51.8475455514893	23.9153752672365	16939990
chr12	19829061	19829461	CD28-negative	1.03144836678476	+	55.55094166231	27.1765628036778	19829261
chr12	24899714	24900114	CD28-negative	1.00221114555966	+	235.165653037112	117.402751311888	24899914
chr12	26331951	26332351	CD28-negative	1.12455777117624	+	59.2543377731306	27.1765628036778	26332151
chr12	29750673	29751073	CD28-negative	1.03780386182458	+	337.009046084681	164.146439334214	29750873
chr12	44346217	44346617	CD28-negative	1.35337646167212	+	44.440753329848	17.3930001943538	44346417
chr12	49451876	49452276	CD28-negative	1.11236836216832	+	61.106035828541	28.2636253158249	49452076
chr12	50158506	50158906	CD28-negative	1.00448131918449	+	98.1399969367476	48.91781304662	50158706
chr12	50175378	50175778	CD28-negative	1.15174260050247	+	55.55094166231	25.0024377793836	50175578
chr12	50986955	50987355	CD28-positive	-1.10034150577079	+	42.5890552744376	91.3132510203574	50987155
chr12	51864092	51864492	CD28-negative	1.14038273833792	+	40.7373572190273	18.4800627065009	51864292
chr12	55624027	55624427	CD28-negative	1.26591362042178	+	133.322259989544	55.4401881195027	55624227
chr12	56657717	56658117	CD28-negative	1.53893211482819	+	53.6992436068996	18.4800627065009	56657917
chr12	59055435	59055835	CD28-negative	1.24646125775561	+	72.216224161003	30.4377503401191	59055635
chr12	62351349	62351749	CD28-negative	1.22784557958826	+	40.7373572190273	17.3930001943538	62351549
chr12	64502578	64502978	CD28-negative	1.38990233769723	+	37.0339611082067	14.1318126579125	64502778
chr12	89960144	89960544	CD28-negative	1.04049350638776	+	118.508675546261	57.6143131437969	89960344
chr12	92529907	92530307	CD28-negative	1.12749505425579	+	163.875277903814	75.0073133381507	92530107
chr12	101414519	101414919	CD28-negative	1.30683387573509	+	56.4767906900151	22.8283127550894	101414719
chr12	102317136	102317536	CD28-negative	1.20729820218417	+	112.95358138003	48.91781304662	102317336
chr12	102728861	102729261	CD28-negative	1.46502181750103	+	174.059617208571	63.0496257045325	102729061
chr12	104964174	104964574	CD28-negative	1.05381617981321	+	36.1081120805015	17.3930001943538	104964374
chr12	105341663	105342063	CD28-negative	1.16371524216854	+	112.027732352325	50.0048755587672	105341863
chr12	107515433	107515833	CD28-negative	1.47623320945765	+	45.3666023575531	16.3059376822067	107515633
chr12	113229946	113230346	CD28-negative	1.02367101619304	+	68.5128280501823	33.6989378765605	113230146
chr12	117775068	117775468	CD28-negative	1.09034205583832	+	55.55094166231	26.0895002915307	117775268
chr12	117830487	117830887	CD28-negative	1.24090173241371	+	102.769242075273	43.4825004858845	117830687
chr12	122518482	122518882	CD28-negative	1.63348438086485	+	47.2183004129635	15.2188751700596	122518682
chr12	122878248	122878648	CD28-positive	-1.16839221256184	+	64.8094319393616	145.666376627713	122878448
chr12	123737521	123737921	CD28-negative	1.1415673791935	+	199.057540956611	90.2261885082103	123737721
chr12	126761435	126761835	CD28-negative	1.07097673097139	+	34.2564140250912	16.3059376822067	126761635
chr12	128069406	128069806	CD28-negative	1.0485218801437	+	47.2183004129635	22.8283127550894	128069606
chr12	129564838	129565238	CD28-negative	1.29387544992346	+	87.9556576319908	35.8730629008547	129565038
chr12	132872932	132873332	CD28-negative	1.23553997137826	+	43.5149043021428	18.4800627065009	132873132
chr13	19420751	19421151	CD28-negative	1.18142377888282	+	219.426219566124	96.748563581093	19420951
chr13	19713601	19714001	CD28-negative	1.06386984447713	+	124.989618740197	59.7884381680912	19713801
chr13	23268469	23268869	CD28-negative	1.31861104351144	+	37.9598101359118	15.2188751700596	23268669
chr13	23592587	23592987	CD28-positive	-1.40151104049135	+	18.5169805541033	48.91781304662	23592787
chr13	24049297	24049697	CD28-negative	1.00203363771066	+	278.680557339255	139.14400155483	24049497
chr13	27147503	27147903	CD28-negative	1.15088359777338	+	67.5869790224771	30.4377503401191	27147703
chr13	27195201	27195601	CD28-negative	1.08183055598281	+	156.468485682173	73.9202508260036	27195401
chr13	27432545	27432945	CD28-positive	-1.23158603904904	+	19.4428295818085	45.6566255101787	27432745
chr13	30241525	30241925	CD28-negative	1.12830990603734	+	71.2903751332978	32.6118753644134	30241725
chr13	32520657	32521057	CD28-negative	1.46885367909205	+	72.216224161003	26.0895002915307	32520857
chr13	36975183	36975583	CD28-negative	1.10098930003783	+	62.9577338839513	29.350687827972	36975383
chr13	38824401	38824801	CD28-negative	1.03971598276836	+	129.618863878723	63.0496257045325	38824601
chr13	39259343	39259743	CD28-negative	1.0718061044009	+	107.398487213799	51.0919380709143	39259543
chr13	40132266	40132666	CD28-negative	1.01634147439455	+	35.1822630527963	17.3930001943538	40132466
chr13	42497140	42497540	CD28-negative	1.25873958753404	+	273.125463173024	114.141563775447	42497340
chr13	44312926	44313326	CD28-negative	1.66457814996642	+	62.0318848562461	19.567125218648	44313126
chr13	48892313	48892713	CD28-negative	1.05639472391499	+	97.2141479090425	46.7436880223258	48892513
chr13	49777935	49778335	CD28-positive	-1.05470827696496	+	24.0720747203343	50.0048755587672	49778135
chr13	52859673	52860073	CD28-positive	-1.52248723831578	+	43.5149043021428	125.012188896918	52859873
chr13	52868278	52868678	CD28-positive	-1.3815266660372	+	97.2141479090425	253.285565330277	52868478
chr13	66138368	66138768	CD28-negative	1.11080615839804	+	65.7352809670668	30.4377503401191	66138568
chr13	73264455	73264855	CD28-negative	1.13519629162258	+	45.3666023575531	20.6541877307951	73264655
chr13	73579586	73579986	CD28-negative	1.09034205583832	+	111.10188332462	52.1790005830614	73579786
chr13	77309232	77309632	CD28-negative	1.03971598276836	+	64.8094319393616	31.5248128522663	77309432
chr13	81634440	81634840	CD28-negative	1.15376743597996	+	430.519797882902	193.497127162186	81634640
chr13	91056800	91057200	CD28-negative	1.19975327255891	+	82.4005634657598	35.8730629008547	91057000
chr13	110942257	110942657	CD28-negative	1.18345146022981	+	59.2543377731306	26.0895002915307	110942457
chr13	114111429	114111829	CD28-positive	-1.23158603904904	+	20.3686786095137	47.8307505344729	114111629
chr14	20295100	20295500	CD28-negative	1.24840690207058	+	49.0699984683738	20.6541877307951	20295300
chr14	20675667	20676067	CD28-negative	1.4464858660636	+	59.2543377731306	21.7412502429422	20675867
chr14	22689197	22689597	CD28-negative	1.05381617981321	+	36.1081120805015	17.3930001943538	22689397
chr14	23430667	23431067	CD28-negative	1.29197591700797	+	42.5890552744376	17.3930001943538	23430867
chr14	23876986	23877386	CD28-negative	1.05964525861541	+	86.1039595765805	41.3083754615903	23877186
chr14	30969818	30970218	CD28-negative	1.35337646167212	+	52.7733945791945	20.6541877307951	30970018
chr14	34229165	34229565	CD28-negative	1.13656507259897	+	102.769242075273	46.7436880223258	34229365
chr14	39223131	39223531	CD28-negative	1.14692558420469	+	72.216224161003	32.6118753644134	39223331
chr14	48967438	48967838	CD28-negative	1.0803579672657	+	66.661129994772	31.5248128522663	48967638
chr14	52175892	52176292	CD28-positive	-1.06432627952656	+	312.936971364346	654.411632312561	52176092
chr14	52272358	52272758	CD28-positive	-1.32178384802062	+	28.7013198588602	71.7461258017094	52272558
chr14	54577462	54577862	CD28-negative	1.14187235647841	+	52.7733945791945	23.9153752672365	54577662
chr14	54947230	54947630	CD28-positive	-1.25624809328331	+	26.8496218034498	64.1366882166796	54947430
chr14	58572069	58572469	CD28-negative	1.16696333744124	+	53.6992436068996	23.9153752672365	58572269
chr14	60898268	60898668	CD28-positive	-1.25805825041023	+	24.9979237480395	59.7884381680912	60898468
chr14	61065679	61066079	CD28-positive	-1.45397846038549	+	16.665282498693	45.6566255101787	61065879
chr14	61167672	61168072	CD28-negative	1.22213192839387	+	116.656977490851	50.0048755587672	61167872
chr14	65993121	65993521	CD28-positive	-1.0940825152991	+	50.9216965237841	108.706251214711	65993321
chr14	66715315	66715715	CD28-positive	-1.00651948341426	+	41.6632062467325	83.7038134353276	66715515
chr14	68728710	68729110	CD28-negative	1.26317865270054	+	86.1039595765805	35.8730629008547	68728910
chr14	69879373	69879773	CD28-negative	1.0803579672657	+	66.661129994772	31.5248128522663	69879573
chr14	71452571	71452971	CD28-negative	1.12686793186344	+	92.5849027705166	42.3954379737374	71452771
chr14	71751207	71751607	CD28-negative	1.00036068900066	+	93.5107517982218	46.7436880223258	71751407
chr14	71855401	71855801	CD28-negative	1.10945087878603	+	35.1822630527963	16.3059376822067	71855601
chr14	75871490	75871890	CD28-negative	1.14038273833792	+	40.7373572190273	18.4800627065009	75871690
chr14	76706265	76706665	CD28-negative	1.33029284855908	+	57.4026397177203	22.8283127550894	76706465
chr14	77086296	77086696	CD28-negative	1.07326854247938	+	38.885659163617	18.4800627065009	77086496
chr14	77570873	77571273	CD28-negative	1.01098426422504	+	155.542636654468	77.181438362445	77571073
chr14	90023435	90023835	CD28-positive	-1.00919361771259	+	19.4428295818085	39.134250437296	90023635
chr14	91649917	91650317	CD28-positive	-1.01746123369619	+	26.8496218034498	54.3531256073556	91650117
chr14	97501923	97502323	CD28-positive	-1.14912387885706	+	24.9979237480395	55.4401881195027	97502123
chr14	98018602	98019002	CD28-positive	-1.12849254608493	+	26.8496218034498	58.7013756559441	98018802
chr14	98966436	98966836	CD28-negative	1.03144836678476	+	77.771318327234	38.0471879251489	98966636
chr14	106468882	106469282	CD28-positive	-1.0129457525737	+	29.6271688865653	59.7884381680912	106469082
chr15	28738931	28739331	CD28-negative	1.2347319651735	+	97.2141479090425	41.3083754615903	28739131
chr15	29102182	29102582	CD28-negative	1.01127048484713	+	65.7352809670668	32.6118753644134	29102382
chr15	29173264	29173664	CD28-negative	1.19904831528082	+	57.4026397177203	25.0024377793836	29173464
chr15	31303101	31303501	CD28-positive	-1.02008193385533	+	20.3686786095137	41.3083754615903	31303301
chr15	38048124	38048524	CD28-negative	1.24414739191736	+	82.4005634657598	34.7860003887076	38048324
chr15	38530098	38530498	CD28-negative	1.1040169927354	+	98.1399969367476	45.6566255101787	38530298
chr15	38769492	38769892	CD28-negative	1.21093219665191	+	98.1399969367476	42.3954379737374	38769692
chr15	39393566	39393966	CD28-negative	1.21907536996053	+	75.9196202718236	32.6118753644134	39393766
chr15	41323629	41324029	CD28-positive	-1.30558662049281	+	17.5911315263982	43.4825004858845	41323829
chr15	41634226	41634626	CD28-positive	-1.31565030383751	+	23.1462256926292	57.6143131437969	41634426
chr15	43200018	43200418	CD28-negative	1.25873958753404	+	54.6250926346048	22.8283127550894	43200218
chr15	49939665	49940065	CD28-negative	1.0485218801437	+	47.2183004129635	22.8283127550894	49939865
chr15	50020411	50020811	CD28-negative	1.14692558420469	+	48.1441494406686	21.7412502429422	50020611
chr15	51444086	51444486	CD28-negative	1.28298713378072	+	129.618863878723	53.2660630952085	51444286
chr15	58627056	58627456	CD28-positive	-1.05101379340722	+	31.4788669419757	65.2237507288267	58627256
chr15	59394259	59394659	CD28-negative	1.13519629162258	+	45.3666023575531	20.6541877307951	59394459
chr15	59482645	59483045	CD28-positive	-1.05621895253848	+	76.8454692995288	159.798189285625	59482845
chr15	59784102	59784502	CD28-positive	-1.10605515696518	+	33.330564997386	71.7461258017094	59784302
chr15	60899216	60899616	CD28-negative	1.17367043943722	+	90.7332047151063	40.2213129494431	60899416
chr15	62306887	62307287	CD28-positive	-1.01399460397641	+	23.1462256926292	46.7436880223258	62307087
chr15	63177182	63177582	CD28-negative	1.02780058976961	+	73.1420731887081	35.8730629008547	63177382
chr15	63995767	63996167	CD28-negative	1.18345146022981	+	44.440753329848	19.567125218648	63995967
chr15	64265202	64265602	CD28-negative	1.03850312431871	+	37.9598101359118	18.4800627065009	64265402
chr15	64276878	64277278	CD28-positive	-1.00919361771259	+	19.4428295818085	39.134250437296	64277078
chr15	64527593	64527993	CD28-negative	1.02828108770607	+	84.2522615211701	41.3083754615903	64527793
chr15	69509072	69509472	CD28-negative	1.05381617981321	+	36.1081120805015	17.3930001943538	69509272
chr15	73305904	73306304	CD28-negative	1.05792057814595	+	40.7373572190273	19.567125218648	73306104
chr15	73570629	73571029	CD28-negative	1.06386984447713	+	99.991694992158	47.8307505344729	73570829
chr15	74983897	74984297	CD28-negative	1.39846435120066	+	60.1801868008358	22.8283127550894	74984097
chr15	75385924	75386324	CD28-positive	-1.00919361771259	+	25.9237727757447	52.1790005830614	75386124
chr15	75395749	75396149	CD28-positive	-1.33112171259995	+	19.4428295818085	48.91781304662	75395949
chr15	78180944	78181344	CD28-positive	-1.10034150577079	+	21.2945276372188	45.6566255101787	78181144
chr15	79769126	79769526	CD28-negative	1.20451307575764	+	42.5890552744376	18.4800627065009	79769326
chr15	80126535	80126935	CD28-positive	-1.11911130979063	+	18.5169805541033	40.2213129494431	80126735
chr15	82663187	82663587	CD28-positive	-1.00026049294258	+	24.9979237480395	50.0048755587672	82663387
chr15	87645261	87645661	CD28-negative	1.47367069538983	+	69.4386770778875	25.0024377793836	87645461
chr15	89180022	89180422	CD28-negative	1.03144836678476	+	77.771318327234	38.0471879251489	89180222
chr15	89446244	89446644	CD28-negative	1.27742760843882	+	68.5128280501823	28.2636253158249	89446444
chr15	89457086	89457486	CD28-negative	1.13098404033567	+	49.995847496079	22.8283127550894	89457286
chr15	90342567	90342967	CD28-positive	-1.02995217787939	+	21.2945276372188	43.4825004858845	90342767
chr15	94186767	94187167	CD28-negative	1.25716114641281	+	80.5488654103495	33.6989378765605	94186967
chr15	94250780	94251180	CD28-negative	1.21319880362386	+	90.7332047151063	39.134250437296	94250980
chr15	94314972	94315372	CD28-negative	1.44959177693142	+	344.415838306322	126.099251409065	94315172
chr15	101376618	101377018	CD28-positive	-1.33467953201314	+	49.995847496079	126.099251409065	101376818
chr15	101674974	101675374	CD28-negative	1.14145737156518	+	146.284146377416	66.3108132409738	101675174
chr16	339669	340069	CD28-positive	-1.05755663927399	+	40.7373572190273	84.7908759474747	339869
chr16	10635354	10635754	CD28-positive	-1.07958294560399	+	18.5169805541033	39.134250437296	10635554
chr16	10836430	10836830	CD28-negative	1.11236836216832	+	61.106035828541	28.2636253158249	10836630
chr16	11025062	11025462	CD28-negative	1.28298713378072	+	74.0679222164133	30.4377503401191	11025262
chr16	11166037	11166437	CD28-negative	1.00107471774124	+	43.5149043021428	21.7412502429422	11166237
chr16	20683842	20684242	CD28-negative	1.0803579672657	+	66.661129994772	31.5248128522663	20684042
chr16	24049136	24049536	CD28-positive	-1.06695533727624	+	94.436600825927	197.845377210774	24049336
chr16	30884773	30885173	CD28-negative	1.07219470912807	+	73.1420731887081	34.7860003887076	30884973
chr16	31292695	31293095	CD28-positive	-1.19094405455169	+	16.665282498693	38.0471879251489	31292895
chr16	31338199	31338599	CD28-positive	-1.04603038589296	+	53.6992436068996	110.880376239005	31338399
chr16	56614587	56614987	CD28-negative	1.25209312583494	+	152.765089571352	64.1366882166796	56614787
chr16	58366277	58366677	CD28-negative	1.36986458446069	+	81.4747144380546	31.5248128522663	58366477
chr16	58459361	58459761	CD28-negative	1.31861104351144	+	75.9196202718236	30.4377503401191	58459561
chr16	58854394	58854794	CD28-negative	1.62639495607853	+	53.6992436068996	17.3930001943538	58854594
chr16	69438467	69438867	CD28-negative	1.33319857973449	+	65.7352809670668	26.0895002915307	69438667
chr16	74760398	74760798	CD28-negative	1.27430489068092	+	65.7352809670668	27.1765628036778	74760598
chr16	77656983	77657383	CD28-negative	1.18345146022981	+	44.440753329848	19.567125218648	77657183
chr16	85490978	85491378	CD28-positive	-1.06808730676616	+	25.9237727757447	54.3531256073556	85491178
chr17	1498850	1499250	CD28-negative	1.07507529918501	+	43.5149043021428	20.6541877307951	1499050
chr17	1878408	1878808	CD28-positive	-1.20461899144877	+	24.9979237480395	57.6143131437969	1878608
chr17	6846103	6846503	CD28-negative	1.20137336822707	+	49.995847496079	21.7412502429422	6846303
chr17	17109905	17110305	CD28-positive	-1.2210936652314	+	63.8835829116565	148.927564164154	17110105
chr17	28848691	28849091	CD28-positive	-1.21247721610133	+	35.1822630527963	81.5296884110334	28848891
chr17	30253278	30253678	CD28-negative	1.13098404033567	+	49.995847496079	22.8283127550894	30253478
chr17	32860162	32860562	CD28-negative	1.19467871565306	+	39.8115081913221	17.3930001943538	32860362
chr17	35963616	35964016	CD28-negative	1.27091430148015	+	125.915467767903	52.1790005830614	35963816
chr17	38960477	38960877	CD28-positive	-1.42423111699143	+	19.4428295818085	52.1790005830614	38960677
chr17	42072106	42072506	CD28-positive	-1.00417554294597	+	22.220376664924	44.5695629980316	42072306
chr17	44152890	44153290	CD28-positive	-1.16745570162932	+	21.2945276372188	47.8307505344729	44153090
chr17	46962258	46962658	CD28-positive	-1.19841917511384	+	20.3686786095137	46.7436880223258	46962458
chr17	47810175	47810575	CD28-negative	1.03144836678476	+	44.440753329848	21.7412502429422	47810375
chr17	48655906	48656306	CD28-positive	-1.08402885063518	+	33.330564997386	70.6590632895623	48656106
chr17	49717579	49717979	CD28-negative	1.02348708108207	+	234.239804009407	115.228626287594	49717779
chr17	56870085	56870485	CD28-negative	1.63348438086485	+	47.2183004129635	15.2188751700596	56870285
chr17	57463199	57463599	CD28-negative	1.11835643200792	+	722.16224161003	332.641128717016	57463399
chr17	59601104	59601504	CD28-negative	1.22297982441644	+	68.5128280501823	29.350687827972	59601304
chr17	66638686	66639086	CD28-negative	1.02367101619304	+	68.5128280501823	33.6989378765605	66638886
chr17	72710140	72710540	CD28-positive	-1.23158603904904	+	39.8115081913221	93.4873760446516	72710340
chr17	74945540	74945940	CD28-negative	1.49880690119368	+	67.5869790224771	23.9153752672365	74945740
chr17	77233821	77234221	CD28-negative	1.51973484809424	+	93.5107517982218	32.6118753644134	77234021
chr17	79059376	79059776	CD28-positive	-1.23158603904904	+	19.4428295818085	45.6566255101787	79059576
chr17	79093586	79093986	CD28-positive	-1.07238744419978	+	62.0318848562461	130.447501457653	79093786
chr18	322549	322949	CD28-positive	-1.00026049294258	+	24.9979237480395	50.0048755587672	322749
chr18	3485093	3485493	CD28-negative	1.06797424280987	+	59.2543377731306	28.2636253158249	3485293
chr18	3985016	3985416	CD28-positive	-1.32780135430834	+	26.8496218034498	67.397875753121	3985216
chr18	4230469	4230869	CD28-negative	1.01995272794693	+	46.2924513852583	22.8283127550894	4230669
chr18	14100849	14101249	CD28-negative	1.01077479852001	+	179.614711374802	89.1391259960632	14101049
chr18	14189868	14190268	CD28-negative	1.51496560394637	+	139.80320318348	48.91781304662	14190068
chr18	14190740	14191140	CD28-negative	1.23789924425218	+	66.661129994772	28.2636253158249	14190940
chr18	22667964	22668364	CD28-negative	1.24954065068758	+	62.0318848562461	26.0895002915307	22668164
chr18	23283934	23284334	CD28-negative	1.01303632967088	+	100.917544019863	50.0048755587672	23284134
chr18	23377667	23378067	CD28-negative	1.02322785997979	+	97.2141479090425	47.8307505344729	23377867
chr18	44521651	44522051	CD28-negative	1.08100419125899	+	71.2903751332978	33.6989378765605	44521851
chr18	44887187	44887587	CD28-negative	1.38375011071564	+	133.322259989544	51.0919380709143	44887387
chr18	48124939	48125339	CD28-negative	1.01233954383705	+	208.316031233662	103.270938653976	48125139
chr18	49071315	49071715	CD28-negative	1.11988633145234	+	68.5128280501823	31.5248128522663	49071515
chr18	51039154	51039554	CD28-negative	1.22213192839387	+	58.3284887454255	25.0024377793836	51039354
chr18	54776283	54776683	CD28-negative	1.1023146975044	+	112.027732352325	52.1790005830614	54776483
chr18	55249594	55249994	CD28-negative	1.18345146022981	+	318.492065530577	140.231064066977	55249794
chr18	63224584	63224984	CD28-negative	1.02298678803656	+	125.915467767903	61.9625631923854	63224784
chr18	63992767	63993167	CD28-negative	1.13519629162258	+	45.3666023575531	20.6541877307951	63992967
chr18	70197904	70198304	CD28-negative	1.05599055104755	+	76.8454692995288	36.9601254130018	70198104
chr18	73975243	73975643	CD28-negative	1.42833851935334	+	73.1420731887081	27.1765628036778	73975443
chr18	75408870	75409270	CD28-negative	1.13317825374858	+	174.059617208571	79.3555633867392	75409070
chr18	76265896	76266296	CD28-negative	1.1728042160303	+	41.6632062467325	18.4800627065009	76266096
chr18	79971548	79971948	CD28-positive	-1.53824737728309	+	17.5911315263982	51.0919380709143	79971748
chr19	1624392	1624792	CD28-positive	-1.23158603904904	+	24.9979237480395	58.7013756559441	1624592
chr19	3516823	3517223	CD28-positive	-1.06166103760673	+	24.9979237480395	52.1790005830614	3517023
chr19	10280032	10280432	CD28-positive	-1.17269234999547	+	23.1462256926292	52.1790005830614	10280232
chr19	29704873	29705273	CD28-negative	1.12455777117624	+	59.2543377731306	27.1765628036778	29705073
chr19	29887488	29887888	CD28-positive	-1.23158603904904	+	17.5911315263982	41.3083754615903	29887688
chr19	30153307	30153707	CD28-negative	1.06119571017881	+	45.3666023575531	21.7412502429422	30153507
chr19	31015809	31016209	CD28-negative	1.20898655233694	+	70.3645261055926	30.4377503401191	31016009
chr19	32355354	32355754	CD28-negative	1.1189112080351	+	47.2183004129635	21.7412502429422	32355554
chr19	35405229	35405629	CD28-negative	1.16696333744124	+	80.5488654103495	35.8730629008547	35405429
chr19	41226365	41226765	CD28-positive	-1.10230302210407	+	32.4047159696808	69.5720007774152	41226565
chr19	41288909	41289309	CD28-positive	-1.02995217787939	+	21.2945276372188	43.4825004858845	41289109
chr19	47723517	47723917	CD28-negative	1.00287921458799	+	37.0339611082067	18.4800627065009	47723717
chr19	48424571	48424971	CD28-negative	1.07653625631329	+	48.1441494406686	22.8283127550894	48424771
chr19	48978843	48979243	CD28-negative	1.05158601235583	+	187.021503596444	90.2261885082103	48979043
chr19	56111601	56112001	CD28-positive	-1.09948250304169	+	37.0339611082067	79.3555633867392	56111801
chr2	6464711	6465111	CD28-negative	1.32640941407185	+	49.0699984683738	19.567125218648	6464911
chr2	6906281	6906681	CD28-negative	1.04143245535738	+	295.345839837948	143.492251603419	6906481
chr2	6946740	6947140	CD28-negative	1.04727333394644	+	305.530179142705	147.840501652007	6946940
chr2	8438519	8438919	CD28-positive	-1.02213267342009	+	34.2564140250912	69.5720007774152	8438719
chr2	9763621	9764021	CD28-negative	1.35337646167212	+	66.661129994772	26.0895002915307	9763821
chr2	10006566	10006966	CD28-positive	-1.05470827696496	+	48.1441494406686	100.009751117534	10006766
chr2	10164055	10164455	CD28-positive	-1.04603038589296	+	26.8496218034498	55.4401881195027	10164255
chr2	13545285	13545685	CD28-negative	1.10772413406656	+	154.616787626763	71.7461258017094	13545485
chr2	15497023	15497423	CD28-negative	1.27091430148015	+	47.2183004129635	19.567125218648	15497223
chr2	17300111	17300511	CD28-negative	1.32912891542544	+	54.6250926346048	21.7412502429422	17300311
chr2	23445542	23445942	CD28-negative	1.04303634105997	+	69.4386770778875	33.6989378765605	23445742
chr2	23551879	23552279	CD28-negative	1.05569591303143	+	133.322259989544	64.1366882166796	23552079
chr2	23609257	23609657	CD28-negative	1.25873958753404	+	54.6250926346048	22.8283127550894	23609457
chr2	28055578	28055978	CD28-negative	1.16073138372972	+	77.771318327234	34.7860003887076	28055778
chr2	28378984	28379384	CD28-positive	-1.00919361771259	+	51.8475455514893	104.358001166123	28379184
chr2	29810887	29811287	CD28-negative	1.02475371421075	+	39.8115081913221	19.567125218648	29811087
chr2	32264708	32265108	CD28-positive	-1.27738972866216	+	28.7013198588602	69.5720007774152	32264908
chr2	36163835	36164235	CD28-negative	1.40887157426382	+	49.0699984683738	18.4800627065009	36164035
chr2	40032939	40033339	CD28-negative	1.47412862113273	+	126.841316795608	45.6566255101787	40033139
chr2	43401967	43402367	CD28-negative	1.04404840356439	+	42.5890552744376	20.6541877307951	43402167
chr2	44806711	44807111	CD28-negative	1.38312380506617	+	45.3666023575531	17.3930001943538	44806911
chr2	45822199	45822599	CD28-negative	1.43137897367339	+	52.7733945791945	19.567125218648	45822399
chr2	46033074	46033474	CD28-negative	1.03144836678476	+	166.65282498693	81.5296884110334	46033274
chr2	46316532	46316932	CD28-negative	1.25779880168989	+	135.173958044954	56.5272506316498	46316732
chr2	46395099	46395499	CD28-negative	1.14038273833792	+	40.7373572190273	18.4800627065009	46395299
chr2	48016651	48017051	CD28-positive	-1.27111440323568	+	16.665282498693	40.2213129494431	48016851
chr2	48308208	48308608	CD28-positive	-1.30958855105031	+	16.665282498693	41.3083754615903	48308408
chr2	64982228	64982628	CD28-negative	1.07961564924527	+	62.0318848562461	29.350687827972	64982428
chr2	65163176	65163576	CD28-positive	-1.13537072378973	+	28.7013198588602	63.0496257045325	65163376
chr2	69054405	69054805	CD28-negative	1.18874575989932	+	84.2522615211701	36.9601254130018	69054605
chr2	74908836	74909236	CD28-positive	-1.13847663465756	+	22.220376664924	48.91781304662	74909036
chr2	80525149	80525549	CD28-negative	1.28298713378072	+	55.55094166231	22.8283127550894	80525349
chr2	84874916	84875316	CD28-positive	-1.02299941723762	+	24.0720747203343	48.91781304662	84875116
chr2	96546174	96546574	CD28-negative	1.05220692695155	+	51.8475455514893	25.0024377793836	96546374
chr2	96806570	96806970	CD28-positive	-1.07593516858884	+	40.7373572190273	85.8779384596219	96806770
chr2	97673834	97674234	CD28-negative	1.82981450561511	+	88.881506659696	25.0024377793836	97674034
chr2	99085364	99085764	CD28-positive	-1.00531018322536	+	28.7013198588602	57.6143131437969	99085564
chr2	100643406	100643806	CD28-positive	-1.19506016302392	+	18.5169805541033	42.3954379737374	100643606
chr2	106053083	106053483	CD28-positive	-1.75184285038238	+	35.1822630527963	118.489813824035	106053283
chr2	110048529	110048929	CD28-positive	-1.36693789194392	+	56.4767906900151	145.666376627713	110048729
chr2	121095238	121095638	CD28-negative	1.19291178947887	+	47.2183004129635	20.6541877307951	121095438
chr2	128382128	128382528	CD28-positive	-1.05358773707104	+	51.8475455514893	107.619188702564	128382328
chr2	138060296	138060696	CD28-negative	1.78401081600198	+	86.1039595765805	25.0024377793836	138060496
chr2	141195035	141195435	CD28-negative	1.06386984447713	+	49.995847496079	23.9153752672365	141195235
chr2	143379857	143380257	CD28-negative	1.18345146022981	+	111.10188332462	48.91781304662	143380057
chr2	143704433	143704833	CD28-negative	1.24485200489395	+	59.2543377731306	25.0024377793836	143704633
chr2	144454790	144455190	CD28-negative	1.16696333744124	+	241.646596231048	107.619188702564	144454990
chr2	144553407	144553807	CD28-negative	1.39777058103057	+	91.6590537428115	34.7860003887076	144553607
chr2	152686917	152687317	CD28-negative	1.06119571017881	+	45.3666023575531	21.7412502429422	152687117
chr2	158034212	158034612	CD28-positive	-1.0158573479936	+	16.665282498693	33.6989378765605	158034412
chr2	159736124	159736524	CD28-negative	1.21319880362386	+	45.3666023575531	19.567125218648	159736324
chr2	160294299	160294699	CD28-negative	1.4464858660636	+	59.2543377731306	21.7412502429422	160294499
chr2	164620918	164621318	CD28-negative	1.04404840356439	+	42.5890552744376	20.6541877307951	164621118
chr2	164826524	164826924	CD28-negative	1.24646125775561	+	36.1081120805015	15.2188751700596	164826724
chr2	168024061	168024461	CD28-negative	1.06119571017881	+	45.3666023575531	21.7412502429422	168024261
chr2	172179400	172179800	CD28-positive	-1.13847663465756	+	37.0339611082067	81.5296884110334	172179600
chr2	173133142	173133542	CD28-negative	1.09856256264329	+	81.4747144380546	38.0471879251489	173133342
chr2	182949529	182949929	CD28-negative	1.07326854247938	+	77.771318327234	36.9601254130018	182949729
chr2	188235286	188235686	CD28-negative	1.06928044031049	+	786.971673549391	375.036566690754	188235486
chr2	188870290	188870690	CD28-negative	1.37846744263495	+	53.6992436068996	20.6541877307951	188870490
chr2	191748540	191748940	CD28-negative	1.05792057814595	+	61.106035828541	29.350687827972	191748740
chr2	196360666	196361066	CD28-negative	1.01127048484713	+	65.7352809670668	32.6118753644134	196360866
chr2	198309647	198310047	CD28-negative	1.10098930003783	+	62.9577338839513	29.350687827972	198309847
chr2	199962229	199962629	CD28-negative	1.33957066214709	+	96.2882988813373	38.0471879251489	199962429
chr2	200922476	200922876	CD28-negative	1.03144836678476	+	144.432448322006	70.6590632895623	200922676
chr2	201750526	201750926	CD28-negative	1.00036068900066	+	93.5107517982218	46.7436880223258	201750726
chr2	202113834	202114234	CD28-negative	1.38252280733163	+	138.877354155775	53.2660630952085	202114034
chr2	203510849	203511249	CD28-positive	-1.03067334512304	+	46.2924513852583	94.5744385567988	203511049
chr2	205034036	205034436	CD28-positive	-1.23158603904904	+	19.4428295818085	45.6566255101787	205034236
chr2	207143381	207143781	CD28-positive	-1.144475375279	+	237.017351092523	523.964130854908	207143581
chr2	212843839	212844239	CD28-negative	1.3631574824647	+	137.025656100365	53.2660630952085	212844039
chr2	215409234	215409634	CD28-negative	1.03944115753829	+	167.578674014635	81.5296884110334	215409434
chr2	215410878	215411278	CD28-negative	1.39104687963817	+	179.614711374802	68.4849382652681	215411078
chr2	215982412	215982812	CD28-negative	1.45748486501286	+	146.284146377416	53.2660630952085	215982612
chr2	216554291	216554691	CD28-positive	-1.03894096110664	+	18.5169805541033	38.0471879251489	216554491
chr2	217086166	217086566	CD28-negative	1.11756352457335	+	99.0658459644528	45.6566255101787	217086366
chr2	224449417	224449817	CD28-negative	1.19064696163401	+	62.0318848562461	27.1765628036778	224449617
chr2	230913784	230914184	CD28-negative	1.76841396095096	+	55.55094166231	16.3059376822067	230913984
chr2	233714145	233714545	CD28-negative	1.44083930292246	+	94.436600825927	34.7860003887076	233714345
chr2	239751633	239752033	CD28-positive	-1.01818240093984	+	37.0339611082067	75.0073133381507	239751833
chr2	239756880	239757280	CD28-positive	-1.00417554294597	+	22.220376664924	44.5695629980316	239757080
chr20	3115521	3115921	CD28-negative	1.35337646167212	+	66.661129994772	26.0895002915307	3115721
chr20	4671676	4672076	CD28-negative	1.02367101619304	+	68.5128280501823	33.6989378765605	4671876
chr20	8394295	8394695	CD28-negative	1.04404840356439	+	42.5890552744376	20.6541877307951	8394495
chr20	10592855	10593255	CD28-negative	1.28298713378072	+	55.55094166231	22.8283127550894	10593055
chr20	13119514	13119914	CD28-negative	1.16951226927193	+	95.3624498536321	42.3954379737374	13119714
chr20	13430308	13430708	CD28-negative	1.35337646167212	+	105.546789158389	41.3083754615903	13430508
chr20	25099313	25099713	CD28-negative	1.05529510873912	+	56.4767906900151	27.1765628036778	25099513
chr20	32018473	32018873	CD28-negative	1.30446686119117	+	80.5488654103495	32.6118753644134	32018673
chr20	41632889	41633289	CD28-positive	-1.09218298238362	+	35.1822630527963	75.0073133381507	41633089
chr20	49823497	49823897	CD28-positive	-1.04716146791161	+	23.1462256926292	47.8307505344729	49823697
chr20	51129075	51129475	CD28-positive	-1.09140838100078	+	24.9979237480395	53.2660630952085	51129275
chr20	54047698	54048098	CD28-positive	-1.07958294560399	+	18.5169805541033	39.134250437296	54047898
chr20	57423642	57424042	CD28-negative	1.18345146022981	+	37.0339611082067	16.3059376822067	57423842
chr20	57772447	57772847	CD28-negative	1.79589469737307	+	49.0699984683738	14.1318126579125	57772647
chr20	62523846	62524246	CD28-negative	1.04404840356439	+	42.5890552744376	20.6541877307951	62524046
chr21	29210132	29210532	CD28-positive	-1.26261293466966	+	21.2945276372188	51.0919380709143	29210332
chr21	37195927	37196327	CD28-positive	-1.29298658371318	+	21.2945276372188	52.1790005830614	37196127
chr21	38839634	38840034	CD28-negative	1.35337646167212	+	74.9937712441185	29.350687827972	38839834
chr21	38913337	38913737	CD28-negative	1.00190409117074	+	80.5488654103495	40.2213129494431	38913537
chr21	39000506	39000906	CD28-negative	1.04564224836751	+	132.396410961839	64.1366882166796	39000706
chr21	39175170	39175570	CD28-negative	1.10544894822853	+	44.440753329848	20.6541877307951	39175370
chr22	18346046	18346446	CD28-positive	-1.06808730676616	+	38.885659163617	81.5296884110334	18346246
chr22	19275875	19276275	CD28-negative	1.56405546244478	+	170.356221097751	57.6143131437969	19276075
chr22	20474827	20475227	CD28-negative	1.21202061242658	+	62.9577338839513	27.1765628036778	20475027
chr22	22764049	22764449	CD28-positive	-1.66768515385571	+	15.7394334709878	50.0048755587672	22764249
chr22	28019261	28019661	CD28-positive	-1.3648525699125	+	28.7013198588602	73.9202508260036	28019461
chr22	28833537	28833937	CD28-negative	1.22213192839387	+	58.3284887454255	25.0024377793836	28833737
chr22	30208649	30209049	CD28-negative	1.37846744263495	+	53.6992436068996	20.6541877307951	30208849
chr22	30214987	30215387	CD28-negative	1.04143245535738	+	53.6992436068996	26.0895002915307	30215187
chr22	30225529	30225929	CD28-positive	-1.40702804545892	+	53.6992436068996	142.405189091272	30225729
chr22	30705999	30706399	CD28-positive	-1.63876142055491	+	21.2945276372188	66.3108132409738	30706199
chr22	31927012	31927412	CD28-negative	1.18345146022981	+	37.0339611082067	16.3059376822067	31927212
chr22	35693875	35694275	CD28-negative	1.35337646167212	+	55.55094166231	21.7412502429422	35694075
chr22	36542014	36542414	CD28-positive	-1.19841917511384	+	20.3686786095137	46.7436880223258	36542214
chr22	39652918	39653318	CD28-negative	1.03057691098001	+	306.45602817041	150.014626676301	39653118
chr22	40651940	40652340	CD28-negative	1.13764777061668	+	86.1039595765805	39.134250437296	40652140
chr22	40739614	40740014	CD28-negative	1.09034205583832	+	41.6632062467325	19.567125218648	40739814
chr22	41788230	41788630	CD28-positive	-1.25805825041023	+	49.995847496079	119.576876336182	41788430
chr22	42764911	42765311	CD28-negative	1.70198659921199	+	176.837164291687	54.3531256073556	42765111
chr3	3110192	3110592	CD28-negative	1.1023146975044	+	112.027732352325	52.1790005830614	3110392
chr3	11227505	11227905	CD28-positive	-1.10605515696518	+	27.775470831155	59.7884381680912	11227705
chr3	11363742	11364142	CD28-negative	1.17176965518217	+	75.9196202718236	33.6989378765605	11363942
chr3	11532510	11532910	CD28-negative	1.09034205583832	+	41.6632062467325	19.567125218648	11532710
chr3	13564711	13565111	CD28-positive	-1.31250603443261	+	24.0720747203343	59.7884381680912	13564911
chr3	15520102	15520502	CD28-positive	-1.20243969338952	+	23.1462256926292	53.2660630952085	15520302
chr3	19931643	19932043	CD28-negative	1.1203992896945	+	89.8073556874011	41.3083754615903	19931843
chr3	20008583	20008983	CD28-negative	1.07326854247938	+	38.885659163617	18.4800627065009	20008783
chr3	25033440	25033840	CD28-negative	1.09034205583832	+	55.55094166231	26.0895002915307	25033640
chr3	27837094	27837494	CD28-positive	-1.26720994877976	+	37.0339611082067	89.1391259960632	27837294
chr3	30012898	30013298	CD28-positive	-1.11294154255042	+	17.5911315263982	38.0471879251489	30013098
chr3	32482095	32482495	CD28-negative	1.52740586144717	+	122.212071657082	42.3954379737374	32482295
chr3	42982962	42983362	CD28-negative	1.24148358160122	+	172.207919153161	72.8331883138565	42983162
chr3	59411152	59411552	CD28-positive	-1.33467953201314	+	24.9979237480395	63.0496257045325	59411352
chr3	60017652	60018052	CD28-positive	-1.05101379340722	+	78.6971673549391	163.059376822067	60017852
chr3	62169824	62170224	CD28-negative	1.07097673097139	+	34.2564140250912	16.3059376822067	62170024
chr3	67409978	67410378	CD28-positive	-1.23158603904904	+	22.220376664924	52.1790005830614	67410178
chr3	70990165	70990565	CD28-positive	-1.07030513201598	+	48.1441494406686	101.096813629681	70990365
chr3	71976320	71976720	CD28-negative	1.07584248614321	+	91.6590537428115	43.4825004858845	71976520
chr3	71999026	71999426	CD28-negative	1.37803851590639	+	163.875277903814	63.0496257045325	71999226
chr3	94083253	94083653	CD28-negative	1.29892867764974	+	96.2882988813373	39.134250437296	94083453
chr3	98980884	98981284	CD28-negative	1.30446686119117	+	322.195461641398	130.447501457653	98981084
chr3	100032276	100032676	CD28-negative	1.36705139856919	+	98.1399969367476	38.0471879251489	100032476
chr3	108546273	108546673	CD28-positive	-1.04450048644854	+	34.2564140250912	70.6590632895623	108546473
chr3	108729159	108729559	CD28-negative	1.49330672281659	+	110.176034296915	39.134250437296	108729359
chr3	113712144	113712544	CD28-negative	1.26026705728064	+	41.6632062467325	17.3930001943538	113712344
chr3	114179546	114179946	CD28-negative	1.04404840356439	+	127.767165823313	61.9625631923854	114179746
chr3	114252931	114253331	CD28-negative	1.06958349567153	+	63.8835829116565	30.4377503401191	114253131
chr3	116758195	116758595	CD28-negative	1.10628359970735	+	84.2522615211701	39.134250437296	116758395
chr3	117719326	117719726	CD28-negative	1.00287921458799	+	37.0339611082067	18.4800627065009	117719526
chr3	122014708	122015108	CD28-negative	1.21717207807381	+	187.021503596444	80.4426258988863	122014908
chr3	124429050	124429450	CD28-negative	1.04143245535738	+	53.6992436068996	26.0895002915307	124429250
chr3	126954412	126954812	CD28-negative	1.44218572862997	+	62.0318848562461	22.8283127550894	126954612
chr3	129463094	129463494	CD28-negative	1.21319880362386	+	45.3666023575531	19.567125218648	129463294
chr3	130316211	130316611	CD28-negative	1.06177290364155	+	115.731128463146	55.4401881195027	130316411
chr3	133362602	133363002	CD28-positive	-1.0158573479936	+	33.330564997386	67.397875753121	133362802
chr3	134677228	134677628	CD28-negative	1.0803579672657	+	66.661129994772	31.5248128522663	134677428
chr3	135136374	135136774	CD28-negative	1.15920391398313	+	109.25018526921	48.91781304662	135136574
chr3	141542611	141543011	CD28-negative	1.15447239325804	+	106.472638186094	47.8307505344729	141542811
chr3	143751611	143752011	CD28-positive	-1.40151104049135	+	22.220376664924	58.7013756559441	143751811
chr3	147361100	147361500	CD28-negative	1.22213192839387	+	58.3284887454255	25.0024377793836	147361300
chr3	150451255	150451655	CD28-negative	1.01417037535292	+	76.8454692995288	38.0471879251489	150451455
chr3	152939251	152939651	CD28-negative	1.08100419125899	+	71.2903751332978	33.6989378765605	152939451
chr3	153311534	153311934	CD28-positive	-1.02008193385533	+	30.5530179142705	61.9625631923854	153311734
chr3	153462524	153462924	CD28-positive	-1.03894096110664	+	85.1781105488753	175.017064455685	153462724
chr3	156536553	156536953	CD28-negative	1.54863275307105	+	73.1420731887081	25.0024377793836	156536753
chr3	157067001	157067401	CD28-positive	-1.00602633863391	+	316.640367475167	635.931569606061	157067201
chr3	168060252	168060652	CD28-negative	1.00545315825181	+	61.106035828541	30.4377503401191	168060452
chr3	170500970	170501370	CD28-negative	1.19291178947887	+	47.2183004129635	20.6541877307951	170501170
chr3	170726581	170726981	CD28-negative	1.09034205583832	+	83.326412493465	39.134250437296	170726781
chr3	171646341	171646741	CD28-negative	1.06119571017881	+	45.3666023575531	21.7412502429422	171646541
chr3	172213139	172213539	CD28-negative	1.13614574545145	+	74.0679222164133	33.6989378765605	172213339
chr3	179000151	179000551	CD28-negative	1.11500411007259	+	273.125463173024	126.099251409065	179000351
chr3	183306899	183307299	CD28-negative	1.11633726437127	+	51.8475455514893	23.9153752672365	183307099
chr3	183533761	183534161	CD28-negative	1.39918015128524	+	88.881506659696	33.6989378765605	183533961
chr3	184785056	184785456	CD28-positive	-1.01746123369619	+	26.8496218034498	54.3531256073556	184785256
chr3	186916354	186916754	CD28-positive	-1.10749569132439	+	84.2522615211701	181.539439528568	186916554
chr3	189967268	189967668	CD28-negative	1.1728042160303	+	41.6632062467325	18.4800627065009	189967468
chr3	196254552	196254952	CD28-negative	1.07961564924527	+	62.0318848562461	29.350687827972	196254752
chr4	924733	925133	CD28-negative	1.29125474976432	+	231.462256926292	94.5744385567988	924933
chr4	1907780	1908180	CD28-negative	1.03520050164586	+	71.2903751332978	34.7860003887076	1907980
chr4	4269905	4270305	CD28-positive	-1.16187706723763	+	49.0699984683738	109.793313726858	4270105
chr4	5712506	5712906	CD28-negative	1.25873958753404	+	54.6250926346048	22.8283127550894	5712706
chr4	7784996	7785396	CD28-negative	1.05964525861541	+	86.1039595765805	41.3083754615903	7785196
chr4	8090360	8090760	CD28-negative	1.10544894822853	+	44.440753329848	20.6541877307951	8090560
chr4	8534144	8534544	CD28-negative	1.07653625631329	+	96.2882988813373	45.6566255101787	8534344
chr4	10861118	10861518	CD28-negative	1.60240400951203	+	75.9196202718236	25.0024377793836	10861318
chr4	15400864	15401264	CD28-negative	1.19467871565306	+	39.8115081913221	17.3930001943538	15401064
chr4	16890626	16891026	CD28-positive	-1.59415611843375	+	19.4428295818085	58.7013756559441	16890826
chr4	24889972	24890372	CD28-negative	1.04303634105997	+	69.4386770778875	33.6989378765605	24890172
chr4	26175382	26175782	CD28-negative	1.00999994752072	+	210.167729289073	104.358001166123	26175582
chr4	31923656	31924056	CD28-negative	1.06753217293024	+	232.388105953997	110.880376239005	31923856
chr4	37598309	37598709	CD28-negative	1.17780489708866	+	78.6971673549391	34.7860003887076	37598509
chr4	37601601	37602001	CD28-negative	1.17176965518217	+	75.9196202718236	33.6989378765605	37601801
chr4	38654232	38654632	CD28-positive	-1.02513516158161	+	41.6632062467325	84.7908759474747	38654432
chr4	38937308	38937708	CD28-negative	1.05381617981321	+	72.216224161003	34.7860003887076	38937508
chr4	38957427	38957827	CD28-negative	1.37722320362649	+	56.4767906900151	21.7412502429422	38957627
chr4	40152648	40153048	CD28-positive	-1.15358352704777	+	17.5911315263982	39.134250437296	40152848
chr4	40466790	40467190	CD28-negative	1.04525416630979	+	58.3284887454255	28.2636253158249	40466990
chr4	41207324	41207724	CD28-negative	1.2779690590141	+	189.799050679559	78.2685008745921	41207524
chr4	42855790	42856190	CD28-negative	1.44083930292246	+	47.2183004129635	17.3930001943538	42855990
chr4	48093886	48094286	CD28-negative	1.08120140198186	+	218.500370538419	103.270938653976	48094086
chr4	53688171	53688571	CD28-negative	1.41477700633626	+	66.661129994772	25.0024377793836	53688371
chr4	54640428	54640828	CD28-negative	1.31590175625346	+	105.546789158389	42.3954379737374	54640628
chr4	72911315	72911715	CD28-negative	1.10721587440272	+	39.8115081913221	18.4800627065009	72911515
chr4	73661529	73661929	CD28-negative	1.33135015534212	+	60.1801868008358	23.9153752672365	73661729
chr4	74671100	74671500	CD28-negative	1.1189112080351	+	47.2183004129635	21.7412502429422	74671300
chr4	75172531	75172931	CD28-negative	1.32640941407185	+	49.0699984683738	19.567125218648	75172731
chr4	75548970	75549370	CD28-negative	1.29892867764974	+	48.1441494406686	19.567125218648	75549170
chr4	75598346	75598746	CD28-positive	-1.19094405455169	+	16.665282498693	38.0471879251489	75598546
chr4	83170808	83171208	CD28-positive	-1.07958294560399	+	18.5169805541033	39.134250437296	83171008
chr4	83212445	83212845	CD28-positive	-1.07918611021684	+	374.043007192887	790.29444633095	83212645
chr4	85127603	85128003	CD28-positive	-1.10605515696518	+	16.665282498693	35.8730629008547	85127803
chr4	100572127	100572527	CD28-negative	1.19467871565306	+	39.8115081913221	17.3930001943538	100572327
chr4	104758576	104758976	CD28-positive	-1.00417554294597	+	22.220376664924	44.5695629980316	104758776
chr4	108029293	108029693	CD28-positive	-1.10152549848466	+	26.8496218034498	57.6143131437969	108029493
chr4	108840459	108840859	CD28-positive	-1.00602633863391	+	35.1822630527963	70.6590632895623	108840659
chr4	115484543	115484943	CD28-positive	-1.34261735143778	+	23.1462256926292	58.7013756559441	115484743
chr4	138111439	138111839	CD28-negative	1.0021327999602	+	315.714518447462	157.624064261331	138111639
chr4	140497775	140498175	CD28-positive	-1.04872198189923	+	38.885659163617	80.4426258988863	140497975
chr4	146957278	146957678	CD28-negative	1.56811531046513	+	87.0298086042856	29.350687827972	146957478
chr4	147773795	147774195	CD28-negative	1.43826535925863	+	64.8094319393616	23.9153752672365	147773995
chr4	148152860	148153260	CD28-positive	-1.23158603904904	+	26.8496218034498	63.0496257045325	148153060
chr4	149311066	149311466	CD28-negative	1.05792057814595	+	40.7373572190273	19.567125218648	149311266
chr4	151659132	151659532	CD28-positive	-1.12970642502982	+	20.3686786095137	44.5695629980316	151659332
chr4	152037360	152037760	CD28-positive	-1.603554816436	+	15.7394334709878	47.8307505344729	152037560
chr4	155974351	155974751	CD28-negative	1.13997282356293	+	191.650748734969	86.965000971769	155974551
chr4	164701686	164702086	CD28-negative	1.06119571017881	+	45.3666023575531	21.7412502429422	164701886
chr4	165294790	165295190	CD28-negative	1.27091430148015	+	47.2183004129635	19.567125218648	165294990
chr4	165580480	165580880	CD28-negative	1.21319880362386	+	45.3666023575531	19.567125218648	165580680
chr4	184797728	184798128	CD28-negative	1.06987795327861	+	162.023579848404	77.181438362445	184797928
chr4	185224571	185224971	CD28-positive	-1.02805264496391	+	17.5911315263982	35.8730629008547	185224771
chr4	186723644	186724044	CD28-positive	-1.0940825152991	+	20.3686786095137	43.4825004858845	186723844
chr5	7746068	7746468	CD28-negative	1.02475371421075	+	39.8115081913221	19.567125218648	7746268
chr5	9363029	9363429	CD28-negative	1.10544894822853	+	44.440753329848	20.6541877307951	9363229
chr5	12876538	12876938	CD28-negative	1.09034205583832	+	37.0339611082067	17.3930001943538	12876738
chr5	14342279	14342679	CD28-negative	1.16073138372972	+	58.3284887454255	26.0895002915307	14342479
chr5	34958080	34958480	CD28-positive	-1.13428883769412	+	21.2945276372188	46.7436880223258	34958280
chr5	42675615	42676015	CD28-positive	-1.17018549438489	+	22.220376664924	50.0048755587672	42675815
chr5	43268171	43268571	CD28-negative	1.57576888300857	+	77.771318327234	26.0895002915307	43268371
chr5	43281953	43282353	CD28-negative	1.33135015534212	+	120.360373601672	47.8307505344729	43282153
chr5	53267430	53267830	CD28-positive	-1.17500251068267	+	72.216224161003	163.059376822067	53267630
chr5	55122750	55123150	CD28-negative	1.41611221702008	+	87.0298086042856	32.6118753644134	55122950
chr5	55675016	55675416	CD28-positive	-1.02805264496391	+	17.5911315263982	35.8730629008547	55675216
chr5	57316810	57317210	CD28-negative	1.13298639324682	+	95.3624498536321	43.4825004858845	57317010
chr5	59027067	59027467	CD28-negative	1.14187235647841	+	52.7733945791945	23.9153752672365	59027267
chr5	60295403	60295803	CD28-negative	1.32480730947535	+	46.2924513852583	18.4800627065009	60295603
chr5	60521405	60521805	CD28-negative	1.03850312431871	+	37.9598101359118	18.4800627065009	60521605
chr5	64790195	64790595	CD28-negative	1.35337646167212	+	41.6632062467325	16.3059376822067	64790395
chr5	66896166	66896566	CD28-negative	1.0476041351758	+	415.70621343962	201.106564747216	66896366
chr5	68178567	68178967	CD28-negative	1.11568490395279	+	186.095654568738	85.8779384596219	68178767
chr5	71388335	71388735	CD28-negative	1.05792057814595	+	40.7373572190273	19.567125218648	71388535
chr5	71549520	71549920	CD28-positive	-1.00919361771259	+	25.9237727757447	52.1790005830614	71549720
chr5	74974740	74975140	CD28-positive	-1.19351799821552	+	88.881506659696	203.28068977151	74974940
chr5	75023750	75024150	CD28-positive	-1.12467083513253	+	58.3284887454255	127.186313921212	75023950
chr5	75461670	75462070	CD28-positive	-1.30197536694044	+	18.5169805541033	45.6566255101787	75461870
chr5	77226813	77227213	CD28-positive	-1.10605515696518	+	16.665282498693	35.8730629008547	77227013
chr5	78182853	78183253	CD28-negative	1.00287921458799	+	37.0339611082067	18.4800627065009	78183053
chr5	80307515	80307915	CD28-positive	-1.0129457525737	+	29.6271688865653	59.7884381680912	80307715
chr5	89065915	89066315	CD28-negative	1.22360858670179	+	78.6971673549391	33.6989378765605	89066115
chr5	98880143	98880543	CD28-negative	1.35337646167212	+	66.661129994772	26.0895002915307	98880343
chr5	98904778	98905178	CD28-negative	1.03971598276836	+	64.8094319393616	31.5248128522663	98904978
chr5	100479071	100479471	CD28-negative	1.13519629162258	+	45.3666023575531	20.6541877307951	100479271
chr5	115637997	115638397	CD28-negative	1.05381617981321	+	72.216224161003	34.7860003887076	115638197
chr5	116576063	116576463	CD28-negative	1.08544325642549	+	136.099807072659	64.1366882166796	116576263
chr5	119415140	119415540	CD28-positive	-1.06166103760673	+	24.9979237480395	52.1790005830614	119415340
chr5	121019791	121020191	CD28-negative	1.22158658911658	+	212.945276372188	91.3132510203574	121019991
chr5	122311989	122312389	CD28-negative	1.12830990603734	+	71.2903751332978	32.6118753644134	122312189
chr5	124951602	124952002	CD28-negative	1.07326854247938	+	38.885659163617	18.4800627065009	124951802
chr5	126339169	126339569	CD28-negative	1.06386984447713	+	49.995847496079	23.9153752672365	126339369
chr5	132520740	132521140	CD28-negative	1.22213192839387	+	58.3284887454255	25.0024377793836	132520940
chr5	132641414	132641814	CD28-negative	1.05892910320686	+	147.209995405121	70.6590632895623	132641614
chr5	134122533	134122933	CD28-positive	-1.05101379340722	+	110.176034296915	228.283127550894	134122733
chr5	134138351	134138751	CD28-negative	1.15543708406021	+	94.436600825927	42.3954379737374	134138551
chr5	138283141	138283541	CD28-negative	1.21319880362386	+	45.3666023575531	19.567125218648	138283341
chr5	138871517	138871917	CD28-negative	1.14038273833792	+	40.7373572190273	18.4800627065009	138871717
chr5	141521150	141521550	CD28-negative	1.14122322484051	+	93.5107517982218	42.3954379737374	141521350
chr5	142287867	142288267	CD28-positive	-1.0158573479936	+	16.665282498693	33.6989378765605	142288067
chr5	143653241	143653641	CD28-negative	1.1040169927354	+	49.0699984683738	22.8283127550894	143653441
chr5	148403293	148403693	CD28-positive	-1.42423111699143	+	25.9237727757447	69.5720007774152	148403493
chr5	150053200	150053600	CD28-negative	1.30898234231366	+	59.2543377731306	23.9153752672365	150053400
chr5	150206417	150206817	CD28-positive	-1.15441817852658	+	44.440753329848	98.9226886053872	150206617
chr5	159185017	159185417	CD28-negative	1.09034205583832	+	46.2924513852583	21.7412502429422	159185217
chr5	172973968	172974368	CD28-negative	1.07774201905869	+	52.7733945791945	25.0024377793836	172974168
chr5	175542249	175542649	CD28-negative	1.27860869327015	+	87.0298086042856	35.8730629008547	175542449
chr5	175579144	175579544	CD28-negative	1.10721587440272	+	39.8115081913221	18.4800627065009	175579344
chr5	175580080	175580480	CD28-negative	1.39401844616946	+	99.991694992158	38.0471879251489	175580280
chr5	177812290	177812690	CD28-positive	-1.23158603904904	+	23.1462256926292	54.3531256073556	177812490
chr6	180148	180548	CD28-positive	-1.01746123369619	+	26.8496218034498	54.3531256073556	180348
chr6	3324479	3324879	CD28-negative	1.16073138372972	+	58.3284887454255	26.0895002915307	3324679
chr6	5164089	5164489	CD28-negative	1.03469402628841	+	82.4005634657598	40.2213129494431	5164289
chr6	11284994	11285394	CD28-negative	1.16696333744124	+	53.6992436068996	23.9153752672365	11285194
chr6	13653381	13653781	CD28-negative	1.07653625631329	+	48.1441494406686	22.8283127550894	13653581
chr6	14121829	14122229	CD28-negative	1.1023146975044	+	112.027732352325	52.1790005830614	14122029
chr6	14875736	14876136	CD28-negative	1.05529510873912	+	112.95358138003	54.3531256073556	14875936
chr6	15058660	15059060	CD28-negative	1.09034205583832	+	60.1801868008358	28.2636253158249	15058860
chr6	15073412	15073812	CD28-negative	1.05834359384782	+	350.896781500258	168.494689382802	15073612
chr6	15084614	15085014	CD28-negative	1.33401113680519	+	68.5128280501823	27.1765628036778	15084814
chr6	21121739	21122139	CD28-positive	-1.27006018686367	+	34.2564140250912	82.6167509231805	21121939
chr6	27557471	27557871	CD28-negative	1.13764777061668	+	86.1039595765805	39.134250437296	27557671
chr6	28711899	28712299	CD28-negative	1.00942206045476	+	72.216224161003	35.8730629008547	28712099
chr6	29641790	29642190	CD28-positive	-1.0129457525737	+	29.6271688865653	59.7884381680912	29641990
chr6	30821918	30822318	CD28-positive	-1.02299941723762	+	24.0720747203343	48.91781304662	30822118
chr6	34969883	34970283	CD28-negative	1.09034205583832	+	50.9216965237841	23.9153752672365	34970083
chr6	36697553	36697953	CD28-negative	1.05529510873912	+	56.4767906900151	27.1765628036778	36697753
chr6	37726004	37726404	CD28-positive	-1.12970642502982	+	20.3686786095137	44.5695629980316	37726204
chr6	43376691	43377091	CD28-negative	1.35337646167212	+	47.2183004129635	18.4800627065009	43376891
chr6	49202950	49203350	CD28-negative	1.42049065753066	+	325.898857752219	121.751001360477	49203150
chr6	57158653	57159053	CD28-negative	1.35337646167212	+	58.3284887454255	22.8283127550894	57158853
chr6	73798564	73798964	CD28-negative	1.00287921458799	+	74.0679222164133	36.9601254130018	73798764
chr6	79879127	79879527	CD28-positive	-1.03894096110664	+	18.5169805541033	38.0471879251489	79879327
chr6	81759856	81760256	CD28-negative	1.0040422094441	+	67.5869790224771	33.6989378765605	81760056
chr6	87146422	87146822	CD28-positive	-1.07288829302998	+	22.220376664924	46.7436880223258	87146622
chr6	87670601	87671001	CD28-positive	-1.02805264496391	+	17.5911315263982	35.8730629008547	87670801
chr6	88761765	88762165	CD28-negative	1.16869769353978	+	210.167729289073	93.4873760446516	88761965
chr6	89925839	89926239	CD28-positive	-1.27340621474367	+	15.7394334709878	38.0471879251489	89926039
chr6	93027047	93027447	CD28-negative	1.18345146022981	+	44.440753329848	19.567125218648	93027247
chr6	100155137	100155537	CD28-negative	1.23971967987655	+	56.4767906900151	23.9153752672365	100155337
chr6	105587211	105587611	CD28-negative	1.04594793647987	+	74.0679222164133	35.8730629008547	105587411
chr6	109187337	109187737	CD28-negative	1.35337646167212	+	44.440753329848	17.3930001943538	109187537
chr6	110255350	110255750	CD28-negative	1.20898655233694	+	35.1822630527963	15.2188751700596	110255550
chr6	114715081	114715481	CD28-negative	1.24375197049762	+	105.546789158389	44.5695629980316	114715281
chr6	121436914	121437314	CD28-negative	1.05792057814595	+	61.106035828541	29.350687827972	121437114
chr6	122798073	122798473	CD28-negative	1.48113200887049	+	54.6250926346048	19.567125218648	122798273
chr6	125932136	125932536	CD28-negative	1.24485200489395	+	118.508675546261	50.0048755587672	125932336
chr6	126015701	126016101	CD28-negative	1.27264518955926	+	128.693014851018	53.2660630952085	126015901
chr6	128648106	128648506	CD28-negative	1.05964525861541	+	172.207919153161	82.6167509231805	128648306
chr6	134908863	134909263	CD28-negative	1.17051240452231	+	34.2564140250912	15.2188751700596	134909063
chr6	134997469	134997869	CD28-positive	-1.11294154255042	+	17.5911315263982	38.0471879251489	134997669
chr6	135002857	135003257	CD28-negative	1.1728042160303	+	124.989618740197	55.4401881195027	135003057
chr6	135135824	135136224	CD28-negative	1.1643426372821	+	46.2924513852583	20.6541877307951	135136024
chr6	136703419	136703819	CD28-positive	-1.15358352704777	+	17.5911315263982	39.134250437296	136703619
chr6	137883489	137883889	CD28-negative	1.0040422094441	+	67.5869790224771	33.6989378765605	137883689
chr6	138464954	138465354	CD28-negative	1.40584388156625	+	51.8475455514893	19.567125218648	138465154
chr6	139600941	139601341	CD28-negative	1.53394870731394	+	110.176034296915	38.0471879251489	139601141
chr6	140586779	140587179	CD28-negative	1.3472762621357	+	218.500370538419	85.8779384596219	140586979
chr6	146870676	146871076	CD28-negative	1.52330146311443	+	49.995847496079	17.3930001943538	146870876
chr6	152054414	152054814	CD28-negative	1.01352645878749	+	59.2543377731306	29.350687827972	152054614
chr6	155628296	155628696	CD28-negative	1.87621725048548	+	115.731128463146	31.5248128522663	155628496
chr6	157563731	157564131	CD28-negative	1.11633726437127	+	129.618863878723	59.7884381680912	157563931
chr6	157585275	157585675	CD28-positive	-1.40151104049135	+	22.220376664924	58.7013756559441	157585475
chr6	158242567	158242967	CD28-positive	-1.01746123369619	+	26.8496218034498	54.3531256073556	158242767
chr6	158917617	158918017	CD28-positive	-1.34706325646897	+	16.665282498693	42.3954379737374	158917817
chr6	161922795	161923195	CD28-negative	1.14692558420469	+	48.1441494406686	21.7412502429422	161922995
chr6	163766139	163766539	CD28-positive	-1.00026049294258	+	24.9979237480395	50.0048755587672	163766339
chr6	168355897	168356297	CD28-negative	1.17558934245684	+	56.4767906900151	25.0024377793836	168356097
chr7	1011182	1011582	CD28-positive	-1.11129180533133	+	46.2924513852583	100.009751117534	1011382
chr7	1150377	1150777	CD28-positive	-1.00715447243899	+	54.6250926346048	109.793313726858	1150577
chr7	2772924	2773324	CD28-negative	1.04525416630979	+	58.3284887454255	28.2636253158249	2773124
chr7	24406233	24406633	CD28-positive	-1.02347784371884	+	62.0318848562461	126.099251409065	24406433
chr7	27709591	27709991	CD28-negative	1.22687374052093	+	343.489989278617	146.75343913986	27709791
chr7	27846384	27846784	CD28-negative	1.20137336822707	+	49.995847496079	21.7412502429422	27846584
chr7	27925768	27926168	CD28-negative	1.37782950539666	+	220.35206859383	84.7908759474747	27925968
chr7	36712035	36712435	CD28-negative	1.20581927325826	+	60.1801868008358	26.0895002915307	36712235
chr7	37952246	37952646	CD28-positive	-1.09665645896293	+	25.9237727757447	55.4401881195027	37952446
chr7	41139579	41139979	CD28-negative	1.12596596556905	+	37.9598101359118	17.3930001943538	41139779
chr7	41257601	41258001	CD28-negative	1.47468275789425	+	114.805279435441	41.3083754615903	41257801
chr7	43076325	43076725	CD28-negative	1.05381617981321	+	216.648672483009	104.358001166123	43076525
chr7	45409648	45410048	CD28-negative	1.2347319651735	+	97.2141479090425	41.3083754615903	45409848
chr7	50475360	50475760	CD28-negative	1.04143245535738	+	107.398487213799	52.1790005830614	50475560
chr7	50531320	50531720	CD28-negative	1.37846744263495	+	53.6992436068996	20.6541877307951	50531520
chr7	54397956	54398356	CD28-negative	1.05599055104755	+	76.8454692995288	36.9601254130018	54398156
chr7	65252276	65252676	CD28-positive	-1.17644448485658	+	37.0339611082067	83.7038134353276	65252476
chr7	66551379	66551779	CD28-negative	1.1744063206268	+	49.0699984683738	21.7412502429422	66551579
chr7	74573531	74573931	CD28-positive	-1.08573517258558	+	24.0720747203343	51.0919380709143	74573731
chr7	76760816	76761216	CD28-negative	1.05381617981321	+	36.1081120805015	17.3930001943538	76761016
chr7	76944530	76944930	CD28-negative	1.08157184621059	+	151.839240543647	71.7461258017094	76944730
chr7	87863157	87863557	CD28-negative	1.14038273833792	+	40.7373572190273	18.4800627065009	87863357
chr7	88835119	88835519	CD28-positive	-1.44103940467799	+	14.8135844432827	40.2213129494431	88835319
chr7	90312752	90313152	CD28-negative	1.07326854247938	+	38.885659163617	18.4800627065009	90312952
chr7	92783479	92783879	CD28-negative	1.13341077773021	+	78.6971673549391	35.8730629008547	92783679
chr7	92953672	92954072	CD28-negative	1.01352645878749	+	59.2543377731306	29.350687827972	92953872
chr7	92955090	92955490	CD28-negative	1.09905927293943	+	230.536407898586	107.619188702564	92955290
chr7	104329081	104329481	CD28-negative	1.43583862186409	+	49.995847496079	18.4800627065009	104329281
chr7	107668285	107668685	CD28-negative	1.01017170715434	+	162.023579848404	80.4426258988863	107668485
chr7	118080974	118081374	CD28-negative	1.0485218801437	+	94.436600825927	45.6566255101787	118081174
chr7	121482071	121482471	CD28-positive	-1.00919361771259	+	25.9237727757447	52.1790005830614	121482271
chr7	123184259	123184659	CD28-negative	1.34777375544274	+	237.943200120228	93.4873760446516	123184459
chr7	123190105	123190505	CD28-negative	1.22283099323656	+	664.759601892309	284.810378182543	123190305
chr7	125423756	125424156	CD28-negative	1.47087002469056	+	165.726975959225	59.7884381680912	125423956
chr7	125425465	125425865	CD28-negative	1.76841396095096	+	74.0679222164133	21.7412502429422	125425665
chr7	130515311	130515711	CD28-negative	1.53893211482819	+	53.6992436068996	18.4800627065009	130515511
chr7	130966631	130967031	CD28-negative	1.04143245535738	+	107.398487213799	52.1790005830614	130966831
chr7	141354245	141354645	CD28-negative	1.02780058976961	+	73.1420731887081	35.8730629008547	141354445
chr7	141585904	141586304	CD28-negative	1.42241810610177	+	99.0658459644528	36.9601254130018	141586104
chr7	144517759	144518159	CD28-positive	-1.15358352704777	+	35.1822630527963	78.2685008745921	144517959
chr7	150003371	150003771	CD28-positive	-1.05755663927399	+	20.3686786095137	42.3954379737374	150003571
chr7	150305882	150306282	CD28-positive	-1.20121239000552	+	22.220376664924	51.0919380709143	150306082
chr7	150439923	150440323	CD28-negative	1.00107471774124	+	43.5149043021428	21.7412502429422	150440123
chr7	151461556	151461956	CD28-positive	-1.08719612971386	+	19.4428295818085	41.3083754615903	151461756
chr7	155328636	155329036	CD28-positive	-1.34347891911994	+	28.7013198588602	72.8331883138565	155328836
chr7	155660413	155660813	CD28-negative	1.25716114641281	+	80.5488654103495	33.6989378765605	155660613
chr7	157592804	157593204	CD28-positive	-1.08822186387786	+	34.2564140250912	72.8331883138565	157593004
chr7	158494049	158494449	CD28-positive	-1.19506016302392	+	18.5169805541033	42.3954379737374	158494249
chr8	9021180	9021580	CD28-negative	1.16696333744124	+	80.5488654103495	35.8730629008547	9021380
chr8	9338256	9338656	CD28-negative	1.12455777117624	+	59.2543377731306	27.1765628036778	9338456
chr8	11059992	11060392	CD28-negative	1.14187235647841	+	105.546789158389	47.8307505344729	11060192
chr8	19550831	19551231	CD28-positive	-1.08573517258558	+	24.0720747203343	51.0919380709143	19551031
chr8	20202351	20202751	CD28-negative	1.07326854247938	+	155.542636654468	73.9202508260036	20202551
chr8	29020477	29020877	CD28-positive	-1.08822186387786	+	34.2564140250912	72.8331883138565	29020677
chr8	33538745	33539145	CD28-negative	1.04404840356439	+	42.5890552744376	20.6541877307951	33538945
chr8	35765854	35766254	CD28-negative	1.08361619265001	+	99.0658459644528	46.7436880223258	35766054
chr8	37144777	37145177	CD28-negative	1.15141763259009	+	357.377724694194	160.885251797773	37144977
chr8	38274358	38274758	CD28-negative	1.51163854558885	+	71.2903751332978	25.0024377793836	38274558
chr8	53808672	53809072	CD28-negative	1.15836047926698	+	70.3645261055926	31.5248128522663	53808872
chr8	59381102	59381502	CD28-positive	-1.01399460397641	+	138.877354155775	280.462128133955	59381302
chr8	64630333	64630733	CD28-negative	1.04143245535738	+	53.6992436068996	26.0895002915307	64630533
chr8	77932816	77933216	CD28-negative	1.11033353102579	+	100.917544019863	46.7436880223258	77933016
chr8	84183144	84183544	CD28-negative	1.09961986942634	+	72.216224161003	33.6989378765605	84183344
chr8	98365724	98366124	CD28-negative	1.47782383259661	+	112.027732352325	40.2213129494431	98365924
chr8	101740539	101740939	CD28-negative	1.03850312431871	+	37.9598101359118	18.4800627065009	101740739
chr8	102009898	102010298	CD28-negative	1.14345339229789	+	153.690938599058	69.5720007774152	102010098
chr8	113740278	113740678	CD28-negative	1.22360858670179	+	78.6971673549391	33.6989378765605	113740478
chr8	118122482	118122882	CD28-negative	1.08069188580461	+	137.95150512807	65.2237507288267	118122682
chr8	120780196	120780596	CD28-negative	1.46885367909205	+	72.216224161003	26.0895002915307	120780396
chr8	124006581	124006981	CD28-positive	-1.02299941723762	+	24.0720747203343	48.91781304662	124006781
chr8	125951128	125951528	CD28-positive	-1.14043815099084	+	90.7332047151063	200.019502235069	125951328
chr8	130294089	130294489	CD28-negative	1.21319880362386	+	45.3666023575531	19.567125218648	130294289
chr8	131117238	131117638	CD28-negative	1.12093037567175	+	132.396410961839	60.8755006802383	131117438
chr8	133165686	133166086	CD28-negative	1.06018008532807	+	65.7352809670668	31.5248128522663	133165886
chr8	133681365	133681765	CD28-negative	1.03850312431871	+	75.9196202718236	36.9601254130018	133681565
chr8	133942671	133943071	CD28-negative	1.10283300002152	+	53.6992436068996	25.0024377793836	133942871
chr8	140802743	140803143	CD28-negative	1.21135745679969	+	80.5488654103495	34.7860003887076	140802943
chr9	1171543	1171943	CD28-positive	-1.09140838100078	+	49.995847496079	106.532126190417	1171743
chr9	3385863	3386263	CD28-negative	1.20898655233694	+	35.1822630527963	15.2188751700596	3386063
chr9	5999701	6000101	CD28-positive	-1.06983496905243	+	30.5530179142705	64.1366882166796	5999901
chr9	8115631	8116031	CD28-negative	1.06214516400767	+	70.3645261055926	33.6989378765605	8115831
chr9	12735619	12736019	CD28-negative	1.38732379359546	+	79.6230163826443	30.4377503401191	12735819
chr9	12784454	12784854	CD28-negative	1.51163854558885	+	142.580750266596	50.0048755587672	12784654
chr9	14156028	14156428	CD28-positive	-1.15758545760526	+	18.5169805541033	41.3083754615903	14156228
chr9	21832049	21832449	CD28-negative	1.17621989099873	+	552.731869539984	244.5890652331	21832249
chr9	21901548	21901948	CD28-positive	-1.06557608761011	+	21.2945276372188	44.5695629980316	21901748
chr9	33417062	33417462	CD28-positive	-1.2850252980105	+	49.0699984683738	119.576876336182	33417262
chr9	72541669	72542069	CD28-negative	1.21063628955604	+	115.731128463146	50.0048755587672	72541869
chr9	74735758	74736158	CD28-positive	-1.07958294560399	+	18.5169805541033	39.134250437296	74735958
chr9	78101277	78101677	CD28-positive	-1.0766113790727	+	49.995847496079	105.44506367827	78101477
chr9	79637376	79637776	CD28-negative	1.05964525861541	+	86.1039595765805	41.3083754615903	79637576
chr9	79707598	79707998	CD28-negative	1.06386984447713	+	49.995847496079	23.9153752672365	79707798
chr9	91978704	91979104	CD28-positive	-1.10034150577079	+	21.2945276372188	45.6566255101787	91978904
chr9	96441816	96442216	CD28-positive	-1.23158603904904	+	19.4428295818085	45.6566255101787	96442016
chr9	98326356	98326756	CD28-negative	1.14692558420469	+	36.1081120805015	16.3059376822067	98326556
chr9	99069128	99069528	CD28-positive	-1.07404476206256	+	26.8496218034498	56.5272506316498	99069328
chr9	99881820	99882220	CD28-negative	1.07006966081206	+	98.1399969367476	46.7436880223258	99882020
chr9	104107784	104108184	CD28-negative	1.06797424280987	+	59.2543377731306	28.2636253158249	104107984
chr9	108142723	108143123	CD28-positive	-1.04716146791161	+	23.1462256926292	47.8307505344729	108142923
chr9	112028812	112029212	CD28-negative	1.20817854613218	+	472.183004129635	204.367752283657	112029012
chr9	114698026	114698426	CD28-negative	1.02217055319675	+	200.909239012021	98.9226886053872	114698226
chr9	115205154	115205554	CD28-negative	1.03520050164586	+	71.2903751332978	34.7860003887076	115205354
chr9	126594624	126595024	CD28-negative	1.14038273833792	+	40.7373572190273	18.4800627065009	126594824
chr9	137761017	137761417	CD28-negative	1.0485218801437	+	94.436600825927	45.6566255101787	137761217
chrX	1013121	1013521	CD28-negative	1.29892867764974	+	48.1441494406686	19.567125218648	1013321
chrX	9231496	9231896	CD28-negative	1.0040422094441	+	67.5869790224771	33.6989378765605	9231696
chrX	19225899	19226299	CD28-negative	1.1744063206268	+	98.1399969367476	43.4825004858845	19226099
chrX	19527054	19527454	CD28-negative	1.58784171530914	+	55.55094166231	18.4800627065009	19527254
chrX	21972764	21973164	CD28-negative	1.0973624835161	+	95.3624498536321	44.5695629980316	21972964
chrX	31108309	31108709	CD28-negative	1.47890734375598	+	99.991694992158	35.8730629008547	31108509
chrX	37288012	37288412	CD28-negative	1.22297982441644	+	68.5128280501823	29.350687827972	37288212
chrX	37796751	37797151	CD28-negative	1.16696333744124	+	53.6992436068996	23.9153752672365	37796951
chrX	38191983	38192383	CD28-negative	1.10721587440272	+	39.8115081913221	18.4800627065009	38192183
chrX	39630338	39630738	CD28-negative	1.04233668292749	+	123.137920684787	59.7884381680912	39630538
chrX	41906796	41907196	CD28-negative	1.11756352457335	+	99.0658459644528	45.6566255101787	41906996
chrX	42090397	42090797	CD28-negative	1.05446501950973	+	128.693014851018	61.9625631923854	42090597
chrX	42837787	42838187	CD28-negative	1.26101244352346	+	112.027732352325	46.7436880223258	42837987
chrX	48025632	48026032	CD28-positive	-1.09072350320919	+	39.8115081913221	84.7908759474747	48025832
chrX	49117631	49118031	CD28-positive	-1.14585616502315	+	24.0720747203343	53.2660630952085	49117831
chrX	56343662	56344062	CD28-positive	-1.09728494733745	+	41.6632062467325	89.1391259960632	56343862
chrX	65894129	65894529	CD28-positive	-1.03364666143713	+	36.1081120805015	73.9202508260036	65894329
chrX	68694368	68694768	CD28-negative	1.03850312431871	+	75.9196202718236	36.9601254130018	68694568
chrX	77740353	77740753	CD28-negative	1.18345146022981	+	37.0339611082067	16.3059376822067	77740553
chrX	77934310	77934710	CD28-negative	1.35337646167212	+	61.106035828541	23.9153752672365	77934510
chrX	78123192	78123592	CD28-negative	1.25779880168989	+	67.5869790224771	28.2636253158249	78123392
chrX	78527301	78527701	CD28-negative	1.13257029122762	+	240.720747203343	109.793313726858	78527501
chrX	78534734	78535134	CD28-negative	1.1189112080351	+	47.2183004129635	21.7412502429422	78534934
chrX	119266385	119266785	CD28-positive	-1.03894096110664	+	25.9237727757447	53.2660630952085	119266585
chrX	120571157	120571557	CD28-positive	-1.01399460397641	+	23.1462256926292	46.7436880223258	120571357
chrX	124413358	124413758	CD28-negative	1.13341077773021	+	78.6971673549391	35.8730629008547	124413558
chrX	134484099	134484499	CD28-negative	1.28778812004454	+	39.8115081913221	16.3059376822067	134484299
chrY	2849450	2849850	CD28-negative	1.09034205583832	+	60.1801868008358	28.2636253158249	2849650
chrY	12598793	12599193	CD28-positive	-1.04872198189923	+	58.3284887454255	120.663938848329	12598993
chrY	12733592	12733992	CD28-negative	1.31861104351144	+	75.9196202718236	30.4377503401191	12733792
chrY	13168234	13168634	CD28-negative	1.07653625631329	+	48.1441494406686	22.8283127550894	13168434
chrY	14378230	14378630	CD28-negative	1.17558934245684	+	56.4767906900151	25.0024377793836	14378430
chrY	14468300	14468700	CD28-negative	1.24444209011895	+	141.65490123889	59.7884381680912	14468500
chrY	14834111	14834511	CD28-negative	1.0826613187567	+	260.163576785152	122.838063872624	14834311
chrY	56763317	56763717	CD28-negative	1.00872829028467	+	174.985466236276	86.965000971769	56763517
