seqnames	start	end	width	strand	name	log2FC.CD28.negative_vs_CD28.positive.	strand.1	CD28.negative	CD28.positive	summit	annotation	geneChr	geneStart	geneEnd	geneLength	geneStrand	geneId	transcriptId	distanceToTSS	GENENAME
chr1	2443845	2444244	400	*	CD28-positive	-1.20121239000552	+	22.220376664924	51.0919380709143	2444044	Intron (ENST00000609981.5/9651, intron 2 of 3)	1	2425980	2479804	53825	1	9651	ENST00000609981.5	17865	PLCH2
chr1	4267446	4267845	400	*	CD28-positive	-1.11911130979063	+	55.55094166231	120.663938848329	4267645	Distal Intergenic	1	4412027	4424689	12663	1	284661	ENST00000635002.1	-144182	RP5-1166F10.1
chr1	4328414	4328813	400	*	CD28-positive	-1.10605515696518	+	16.665282498693	35.8730629008547	4328613	Distal Intergenic	1	4412027	4424689	12663	1	284661	ENST00000635002.1	-83214	RP5-1166F10.1
chr1	7747630	7748029	400	*	CD28-positive	-1.23158603904904	+	20.3686786095137	47.8307505344729	7747829	Exon (ENST00000303635.12/23261, exon 19 of 23)	1	7744961	7766522	21562	1	23261	ENST00000476864.1	2669	CAMTA1
chr1	8167240	8167639	400	*	CD28-positive	-1.5535141339364	+	16.665282498693	48.91781304662	8167439	Distal Intergenic	1	8201518	8215207	13690	1	102724539	ENST00000670361.1	-33879	RP11-431K24.3
chr1	9573683	9574082	400	*	CD28-positive	-1.13428883769412	+	21.2945276372188	46.7436880223258	9573882	Intron (ENST00000302692.7/84275, intron 5 of 6)	1	9588911	9614877	25967	1	199953	ENST00000340381.11	-14829	TMEM201
chr1	15501386	15501785	400	*	CD28-positive	-1.02008193385533	+	20.3686786095137	41.3083754615903	15501585	Intron (ENST00000546424.5/842, intron 6 of 7)	1	15492798	15507052	14255	2	842	ENST00000424908.5	5267	CASP9
chr1	20332954	20333353	400	*	CD28-positive	-1.29047972810261	+	22.220376664924	54.3531256073556	20333153	Promoter	1	20332918	20354222	21305	1	127731	ENST00000525343.1	36	VWA5B1
chr1	31505936	31506335	400	*	CD28-positive	-1.07288829302998	+	22.220376664924	46.7436880223258	31506135	Promoter	1	31506201	31508219	2019	1	149086	ENST00000566792.6	0	LINC01225
chr1	51442183	51442582	400	*	CD28-positive	-1.02008193385533	+	20.3686786095137	41.3083754615903	51442382	Intron (ENST00000371730.6/2060, intron 11 of 22)	1	51403429	51422104	18676	2	2060	ENST00000493793.1	-20079	EPS15
chr1	53498723	53499122	400	*	CD28-positive	-1.03894096110664	+	25.9237727757447	53.2660630952085	53498922	Distal Intergenic	1	53459976	53464679	4704	1	63948	ENST00000463126.1	38747	DMRTB1
chr1	75981134	75981533	400	*	CD28-positive	-1.23158603904904	+	23.1462256926292	54.3531256073556	75981333	Intron (ENST00000663316.1/101927342, intron 4 of 7)	1	76002998	76019350	16353	1	101927342	ENST00000436121.3	-21465	NA
chr1	89034016	89034415	400	*	CD28-positive	-1.5660050781196	+	21.2945276372188	63.0496257045325	89034215	Distal Intergenic	1	89007270	89022894	15625	2	2635	ENST00000493594.6	-11122	GBP3
chr1	97377359	97377758	400	*	CD28-positive	-1.04872198189923	+	19.4428295818085	40.2213129494431	97377558	Intron (ENST00000370192.8/1806, intron 15 of 22)	1	97265446	97296147	30702	1	100873932	ENST00000630798.1	111913	DPYD-AS1
chr1	111556296	111556695	400	*	CD28-positive	-1.15758545760526	+	18.5169805541033	41.3083754615903	111556495	Intron (ENST00000356415.5/5906, intron 1 of 7)	1	111483569	111563934	80366	2	57413	ENST00000443498.5	7239	TMIGD3
chr1	115680056	115680455	400	*	CD28-positive	-1.13600837906681	+	36.1081120805015	79.3555633867392	115680255	Intron (ENST00000355485.7/81839, intron 4 of 7)	1	115671144	115684076	12933	1	81839	ENST00000474344.1	8912	VANGL1
chr1	116711251	116711650	400	*	CD28-positive	-1.1441231977987	+	15.7394334709878	34.7860003887076	116711450	Distal Intergenic	1	116694112	116706603	12492	1	388667	ENST00000624685.1	17139	NA
chr1	147762441	147762840	400	*	CD28-positive	-1.1161088216291	+	24.0720747203343	52.1790005830614	147762640	Intron (ENST00000621517.1/2702, intron 1 of 1)	1	147756199	147760602	4404	2	2702	ENST00000579774.3	-1839	GJA5
chr1	151815724	151816123	400	*	CD28-positive	-1.02513516158161	+	55.55094166231	113.0545012633	151815923	Promoter	1	151806120	151815133	9014	2	6097	ENST00000651893.1	-591	RORC
chr1	171923016	171923415	400	*	CD28-positive	-1.26400751674142	+	20.3686786095137	48.91781304662	171923215	Intron (ENST00000367733.6/26052, intron 2 of 14)	1	171970122	172253578	283457	1	26052	ENST00000523513.1	-46707	DNM3
chr1	173154059	173154458	400	*	CD28-positive	-1.27222802354638	+	32.4047159696808	78.2685008745921	173154258	Distal Intergenic	1	173183734	173205558	21825	2	7292	ENST00000367718.5	51100	TNFSF4
chr1	173809521	173809920	400	*	CD28-positive	-1.15358352704777	+	17.5911315263982	39.134250437296	173809720	Intron (ENST00000356198.6/91687, intron 3 of 6)	1	173802963	173824019	21057	2	91687	ENST00000484920.5	14099	CENPL
chr1	192966066	192966465	400	*	CD28-positive	-1.00602633863391	+	35.1822630527963	70.6590632895623	192966265	Distal Intergenic	1	192935796	192957713	21918	2	102724954	ENST00000647436.1	-8353	NA
chr1	229129251	229129650	400	*	CD28-positive	-1.00296166400108	+	53.6992436068996	107.619188702564	229129450	Intron (ENST00000662083.1/ENST00000662083.1, intron 1 of 4)	1	229258281	229271003	12723	2	105373159	ENST00000429227.1	141353	NA
chr1	230922632	230923031	400	*	CD28-positive	-1.03894096110664	+	18.5169805541033	38.0471879251489	230922831	Intron (ENST00000366662.8/79573, intron 13 of 20)	1	230911377	230921506	10130	2	79573	ENST00000471302.2	-1126	TTC13
chr1	232578627	232579026	400	*	CD28-positive	-1.1644718431905	+	40.7373572190273	91.3132510203574	232578826	Intron (ENST00000674749.1/57568, intron 2 of 23)	1	232397965	232561558	163594	2	57568	ENST00000366630.5	-17069	SIPA1L2
chr1	241886170	241886569	400	*	CD28-positive	-1.19094405455169	+	16.665282498693	38.0471879251489	241886369	Promoter	1	241885357	241895148	9792	1	9156	ENST00000518741.1	813	EXO1
chr10	5949335	5949734	400	*	CD28-positive	-1.56862102632661	+	17.5911315263982	52.1790005830614	5949534	Intron (ENST00000620345.4/3601, intron 7 of 7)	10	5948892	5960567	11676	2	3601	ENST00000435171.6	10833	IL15RA
chr10	9229736	9230135	400	*	CD28-positive	-1.02299941723762	+	24.0720747203343	48.91781304662	9229935	Distal Intergenic	10	9275833	9287057	11225	1	100507163	ENST00000458168.1	-45698	NA
chr10	27541703	27542102	400	*	CD28-positive	-1.17348308448547	+	35.1822630527963	79.3555633867392	27541902	3' UTR	10	27504619	27537966	33348	1	22931	ENST00000423465.1	37084	RAB18
chr10	31509972	31510371	400	*	CD28-positive	-1.06166103760673	+	24.9979237480395	52.1790005830614	31510171	Intron (ENST00000488625.6/6935, intron 8 of 12)	10	31381723	31461180	79458	1	6935	ENST00000560909.2	128249	ZEB1
chr10	35459436	35459835	400	*	CD28-positive	-1.20495091254557	+	75.9196202718236	175.017064455685	35459635	Intron (ENST00000490012.6/219771, intron 7 of 9)	10	35434111	35501661	67551	1	219771	ENST00000470025.1	25325	CCNY
chr10	45803037	45803436	400	*	CD28-positive	-1.45397846038549	+	24.9979237480395	68.4849382652681	45803236	Distal Intergenic	10	45815486	45817249	1764	2	643479	ENST00000608562.4	13813	NA
chr10	47448965	47449364	400	*	CD28-positive	-1.01399460397641	+	23.1462256926292	46.7436880223258	47449164	Distal Intergenic	10	47468541	47484016	15476	2	653145	ENST00000577813.1	34652	ANXA8
chr10	58550804	58551203	400	*	CD28-positive	-1.08573517258558	+	24.0720747203343	51.0919380709143	58551003	Intron (ENST00000373886.8/80114, intron 1 of 20)	10	58512872	58831435	318564	1	80114	ENST00000373886.8	37932	BICC1
chr10	70432890	70433289	400	*	CD28-positive	-1.06808730676616	+	25.9237727757447	54.3531256073556	70433089	3' UTR	10	70431936	70441681	9746	2	4838	ENST00000287139.8	8392	NODAL
chr10	77281734	77282133	400	*	CD28-positive	-1.07958294560399	+	18.5169805541033	39.134250437296	77281933	Intron (ENST00000604624.6/3778, intron 1 of 27)	10	77249530	77309618	60089	2	3778	ENST00000639204.1	27485	KCNMA1
chr10	79027572	79027971	400	*	CD28-positive	-1.00179895754147	+	150.913391515942	302.203378376897	79027771	Intron (ENST00000456353.5/283050, intron 5 of 9)	10	79043463	79067420	23958	2	283050	ENST00000665190.1	39449	NA
chr10	87013574	87013973	400	*	CD28-positive	-1.03894096110664	+	22.220376664924	45.6566255101787	87013773	Intron (ENST00000444180.3/119385, intron 8 of 9)	10	87020294	87024730	4437	1	643161	ENST00000343959.5	-6321	FAM25A
chr10	88130920	88131319	400	*	CD28-positive	-1.23158603904904	+	19.4428295818085	45.6566255101787	88131119	Distal Intergenic	10	87952199	87961309	9111	1	5728	ENST00000472832.2	178721	PTEN
chr10	92462958	92463357	400	*	CD28-positive	-1.11129180533133	+	23.1462256926292	50.0048755587672	92463157	Intron (ENST00000371581.9/3416, intron 11 of 14)	10	92452259	92456833	4575	2	3416	ENST00000678097.1	-6125	IDE
chr10	109978362	109978761	400	*	CD28-positive	-1.02378115393564	+	37.9598101359118	77.181438362445	109978561	Intron (ENST00000627565.2/100505933, intron 3 of 5)	10	109996368	110118608	122241	1	120	ENST00000468251.5	-17607	ADD3
chr10	114930398	114930797	400	*	CD28-positive	-1.00531018322536	+	28.7013198588602	57.6143131437969	114930597	Distal Intergenic	10	114938195	114977676	39482	1	142940	ENST00000298746.5	-7398	TRUB1
chr11	970255	970654	400	*	CD28-positive	-1.47951355249262	+	22.220376664924	61.9625631923854	970454	5' UTR	11	985384	986846	1463	1	161	ENST00000527917.1	-14730	AP2A2
chr11	7592736	7593135	400	*	CD28-positive	-1.04603038589296	+	53.6992436068996	110.880376239005	7592935	5' UTR	11	7597186	7653351	56166	1	8495	ENST00000528883.5	-4051	PPFIBP2
chr11	35330916	35331315	400	*	CD28-positive	-1.00363409237069	+	180.540560402507	361.991816544988	35331115	Intron (ENST00000278379.9/6506, intron 1 of 10)	11	35265443	35317383	51941	2	6506	ENST00000646167.1	-13533	SLC1A2
chr11	43377379	43377778	400	*	CD28-positive	-1.33112171259995	+	25.9237727757447	65.2237507288267	43377578	Intron (ENST00000039989.9/55761, intron 1 of 23)	11	43379258	43391788	12531	1	55761	ENST00000530469.1	-1480	TTC17
chr11	65595352	65595751	400	*	CD28-positive	-1.03894096110664	+	62.9577338839513	129.360438945506	65595551	Promoter	11	65592836	65595800	2965	2	10089	ENST00000340313.5	49	KCNK7
chr11	78552969	78553368	400	*	CD28-positive	-1.06931461015016	+	43.5149043021428	91.3132510203574	78553168	Intron (ENST00000526976.1/101928896, intron 2 of 3)	11	78436733	78566267	129535	2	79731	ENST00000525345.5	12899	NARS2
chr11	78801088	78801487	400	*	CD28-positive	-1.15758545760526	+	18.5169805541033	41.3083754615903	78801287	Intron (ENST00000278550.12/26011, intron 15 of 33)	11	78770992	78805411	34420	2	26011	ENST00000533525.1	3924	TENM4
chr11	85395535	85395934	400	*	CD28-positive	-1.08884586693296	+	63.8835829116565	135.882814018389	85395734	Intron (ENST00000376104.6/1740, intron 3 of 27)	11	83457919	85627270	2169352	2	1740	ENST00000376104.6	231336	DLG2
chr11	129024053	129024452	400	*	CD28-positive	-1.12849254608493	+	26.8496218034498	58.7013756559441	129024252	Promoter	11	128967947	129024193	56247	2	9743	ENST00000392657.7	0	ARHGAP32
chr11	134588978	134589377	400	*	CD28-positive	-1.00919361771259	+	38.885659163617	78.2685008745921	134589177	Distal Intergenic	11	134479299	134505661	26363	1	283177	ENST00000532886.2	109679	NA
chr12	259093	259492	400	*	CD28-positive	-1.02008193385533	+	40.7373572190273	82.6167509231805	259292	3' UTR	12	253442	257299	3858	2	102723544	ENST00000540868.1	-1794	RP11-283I3.4
chr12	3947812	3948211	400	*	CD28-positive	-1.03894096110664	+	48.1441494406686	98.9226886053872	3948011	Distal Intergenic	12	3808861	3873448	64588	2	57097	ENST00000447133.7	-74364	PARP11
chr12	6200180	6200579	400	*	CD28-positive	-1.21471222048464	+	39.8115081913221	92.4003135325045	6200379	Promoter	12	6200327	6238247	37921	1	928	ENST00000610354.5	0	CD9
chr12	9685928	9686327	400	*	CD28-positive	-1.18267643856809	+	27.775470831155	63.0496257045325	9686127	Intron (ENST00000536355.5/29121, intron 2 of 3)	12	9687901	9695106	7206	1	29121	ENST00000460309.1	-1574	CLEC2D
chr12	14185899	14186298	400	*	CD28-positive	-1.00531018322536	+	28.7013198588602	57.6143131437969	14186098	Distal Intergenic	12	14365632	14502935	137304	1	55729	ENST00000261168.8	-179334	ATF7IP
chr12	50986956	50987355	400	*	CD28-positive	-1.10034150577079	+	42.5890552744376	91.3132510203574	50987155	3' UTR	12	50990584	50991667	1084	2	4891	ENST00000548554.1	4312	SLC11A2
chr12	122878249	122878648	400	*	CD28-positive	-1.16839221256184	+	64.8094319393616	145.666376627713	122878448	Exon (ENST00000623210.1/ENST00000623210.1, exon 1 of 1)	12	122870075	122871681	1607	2	79720	ENST00000543590.1	-6568	VPS37B
chr13	23592588	23592987	400	*	CD28-positive	-1.40151104049135	+	18.5169805541033	48.91781304662	23592787	Intron (ENST00000403372.6/55504, intron 1 of 7)	13	23579380	23676093	96714	1	55504	ENST00000382263.3	13208	TNFRSF19
chr13	27432546	27432945	400	*	CD28-positive	-1.23158603904904	+	19.4428295818085	45.6566255101787	27432745	3' UTR	13	27434657	27435823	1167	1	2971	ENST00000482655.2	-1712	GTF3A
chr13	49777936	49778335	400	*	CD28-positive	-1.05470827696496	+	24.0720747203343	50.0048755587672	49778135	Intron (ENST00000261667.8/3839, intron 1 of 16)	13	49699320	49792682	93363	2	3839	ENST00000261667.8	14347	KPNA3
chr13	52859674	52860073	400	*	CD28-positive	-1.52248723831578	+	43.5149043021428	125.012188896918	52859873	Distal Intergenic	13	52843979	52848641	4663	2	5100	ENST00000338862.5	-11033	PCDH8
chr13	52868279	52868678	400	*	CD28-positive	-1.3815266660372	+	97.2141479090425	253.285565330277	52868478	Distal Intergenic	13	52843979	52848641	4663	2	5100	ENST00000338862.5	-19638	PCDH8
chr13	114111430	114111829	400	*	CD28-positive	-1.23158603904904	+	20.3686786095137	47.8307505344729	114111629	Intron (ENST00000334062.8/22821, intron 1 of 23)	13	113977783	114132623	154841	2	22821	ENST00000334062.8	20794	RASA3
chr14	52175893	52176292	400	*	CD28-positive	-1.06432627952656	+	312.936971364346	654.411632312561	52176092	Distal Intergenic	14	52267698	52276724	9027	1	5729	ENST00000306051.3	-91406	PTGDR
chr14	52272359	52272758	400	*	CD28-positive	-1.32178384802062	+	28.7013198588602	71.7461258017094	52272558	Intron (ENST00000306051.3/5729, intron 1 of 1)	14	52267812	52275006	7195	1	5729	ENST00000553372.1	4547	PTGDR
chr14	54947231	54947630	400	*	CD28-positive	-1.25624809328331	+	26.8496218034498	64.1366882166796	54947430	Intron (ENST00000360586.8/11169, intron 24 of 25)	14	54941271	54944607	3337	2	11169	ENST00000475379.1	-2624	WDHD1
chr14	60898269	60898668	400	*	CD28-positive	-1.25805825041023	+	24.9979237480395	59.7884381680912	60898468	Intron (ENST00000261245.9/4331, intron 7 of 7)	14	60879714	60982585	102872	1	4331	ENST00000553946.1	18555	MNAT1
chr14	61065680	61066079	400	*	CD28-positive	-1.45397846038549	+	16.665282498693	45.6566255101787	61065879	Intron (ENST00000354886.6/145389, intron 15 of 16)	14	61051886	61052464	579	1	145389	ENST00000554498.1	13794	SLC38A6
chr14	65993122	65993521	400	*	CD28-positive	-1.0940825152991	+	50.9216965237841	108.706251214711	65993321	Intron (ENST00000554907.1/ENST00000554907.1, intron 1 of 3)	14	65636517	65721858	85342	1	2530	ENST00000554765.1	356605	FUT8
chr14	66715316	66715715	400	*	CD28-positive	-1.00651948341426	+	41.6632062467325	83.7038134353276	66715515	Intron (ENST00000315266.9/10243, intron 2 of 21)	14	66823095	67181093	357999	1	10243	ENST00000544752.6	-107380	GPHN
chr14	90023436	90023835	400	*	CD28-positive	-1.00919361771259	+	19.4428295818085	39.134250437296	90023635	Intron (ENST00000554976.5/55775, intron 16 of 17)	14	90061994	90185853	123860	1	56659	ENST00000282146.5	-38159	KCNK13
chr14	91649918	91650317	400	*	CD28-positive	-1.01746123369619	+	26.8496218034498	54.3531256073556	91650117	Intron (ENST00000557036.1/79820, intron 1 of 12)	14	91635524	91646235	10712	2	79820	ENST00000556901.1	-3683	CATSPERB
chr14	97501924	97502323	400	*	CD28-positive	-1.14912387885706	+	24.9979237480395	55.4401881195027	97502123	Intron (ENST00000655920.1/101929241, intron 2 of 6)	14	97462270	97468829	6560	1	101929241	ENST00000662988.1	39654	CTD-2506J14.1
chr14	98018603	98019002	400	*	CD28-positive	-1.12849254608493	+	26.8496218034498	58.7013756559441	98018802	Distal Intergenic	14	97924637	97978124	53488	2	388011	ENST00000499006.7	-40479	LINC01550
chr14	106468883	106469282	400	*	CD28-positive	-1.0129457525737	+	29.6271688865653	59.7884381680912	106469082	Distal Intergenic	14	106482435	106495588	13154	1	338005	ENST00000603633.3	-13153	LINC00221
chr15	31303102	31303501	400	*	CD28-positive	-1.02008193385533	+	20.3686786095137	41.3083754615903	31303301	Distal Intergenic	15	31326835	31377899	51065	1	51621	ENST00000307145.4	-23334	KLF13
chr15	41323630	41324029	400	*	CD28-positive	-1.30558662049281	+	17.5911315263982	43.4825004858845	41323829	Intron (ENST00000668616.1/51203, intron 5 of 14)	15	41320794	41381021	60228	1	51203	ENST00000668273.1	2836	NUSAP1
chr15	41634227	41634626	400	*	CD28-positive	-1.31565030383751	+	23.1462256926292	57.6143131437969	41634426	Intron (ENST00000568630.1/23269, intron 1 of 1)	15	41621536	41713482	91947	1	23269	ENST00000563576.5	12691	MGA
chr15	58627057	58627456	400	*	CD28-positive	-1.05101379340722	+	31.4788669419757	65.2237507288267	58627256	Intron (ENST00000260408.8/102, intron 10 of 15)	15	58611854	58629464	17611	2	102	ENST00000475898.1	2008	ADAM10
chr15	59482646	59483045	400	*	CD28-positive	-1.05621895253848	+	76.8454692995288	159.798189285625	59482845	Intron (ENST00000558348.5/145773, intron 4 of 4)	15	59445106	59492323	47218	1	145773	ENST00000561361.1	37540	FAM81A
chr15	59784103	59784502	400	*	CD28-positive	-1.10605515696518	+	33.330564997386	71.7461258017094	59784302	Distal Intergenic	15	59659146	59689534	30389	2	663	ENST00000267859.8	-94569	BNIP2
chr15	62306888	62307287	400	*	CD28-positive	-1.01399460397641	+	23.1462256926292	46.7436880223258	62307087	Distal Intergenic	15	62304658	62304734	77	2	102465869	ENST00000618843.1	-2154	MIR8067
chr15	64276879	64277278	400	*	CD28-positive	-1.00919361771259	+	19.4428295818085	39.134250437296	64277078	Intron (ENST00000303052.13/53944, intron 2 of 11)	15	64251439	64300467	49029	2	53944	ENST00000635359.1	23189	CSNK1G1
chr15	75385925	75386324	400	*	CD28-positive	-1.00919361771259	+	25.9237727757447	52.1790005830614	75386124	Intron (ENST00000394947.8/25942, intron 16 of 20)	15	75384008	75389821	5814	2	25942	ENST00000570021.1	3497	SIN3A
chr15	75395750	75396149	400	*	CD28-positive	-1.33112171259995	+	19.4428295818085	48.91781304662	75395949	Intron (ENST00000394947.8/25942, intron 13 of 20)	15	75384008	75389821	5814	2	25942	ENST00000570021.1	-5929	SIN3A
chr15	78180945	78181344	400	*	CD28-positive	-1.10034150577079	+	21.2945276372188	45.6566255101787	78181144	Promoter	15	78178808	78181083	2276	2	23205	ENST00000558301.5	0	ACSBG1
chr15	80126536	80126935	400	*	CD28-positive	-1.11911130979063	+	18.5169805541033	40.2213129494431	80126735	Intron (ENST00000613266.4/54469, intron 5 of 6)	15	80129600	80138379	8780	1	54469	ENST00000557983.1	-2665	ZFAND6
chr15	82663188	82663587	400	*	CD28-positive	-1.00026049294258	+	24.9979237480395	50.0048755587672	82663387	3' UTR	15	82675705	82676624	920	2	8120	ENST00000665513.1	13037	AP3B2
chr15	90342568	90342967	400	*	CD28-positive	-1.02995217787939	+	21.2945276372188	43.4825004858845	90342767	Distal Intergenic	15	90352284	90362847	10564	1	342132	ENST00000354377.8	-9317	ZNF774
chr15	101376619	101377018	400	*	CD28-positive	-1.33467953201314	+	49.995847496079	126.099251409065	101376818	Intron (ENST00000677364.1/5046, intron 4 of 15)	15	101326381	101382124	55744	2	5046	ENST00000560902.5	5106	PCSK6
chr16	339670	340069	400	*	CD28-positive	-1.05755663927399	+	40.7373572190273	84.7908759474747	339869	Intron (ENST00000461023.5/8312, intron 1 of 7)	16	287440	346322	58883	2	8312	ENST00000461023.5	6253	AXIN1
chr16	10635355	10635754	400	*	CD28-positive	-1.07958294560399	+	18.5169805541033	39.134250437296	10635554	Intron (ENST00000574923.1/146279, intron 2 of 2)	16	10627501	10671778	44278	2	146279	ENST00000574923.1	36024	TEKT5
chr16	24049137	24049536	400	*	CD28-positive	-1.06695533727624	+	94.436600825927	197.845377210774	24049336	Intron (ENST00000321728.12/5579, intron 5 of 16)	16	24035535	24111321	75787	1	5579	ENST00000482000.2	13602	PRKCB
chr16	31292696	31293095	400	*	CD28-positive	-1.19094405455169	+	16.665282498693	38.0471879251489	31292895	Intron (ENST00000648685.1/3684, intron 12 of 29)	16	31275592	31324439	48848	1	3684	ENST00000567031.1	17104	ITGAM
chr16	31338200	31338599	400	*	CD28-positive	-1.04603038589296	+	53.6992436068996	110.880376239005	31338399	Distal Intergenic	16	31330380	31331536	1157	1	3684	ENST00000565142.1	7820	ITGAM
chr16	85490979	85491378	400	*	CD28-positive	-1.06808730676616	+	25.9237727757447	54.3531256073556	85491178	Intron (ENST00000637419.1/23199, intron 2 of 2)	16	85555967	85654346	98380	1	23199	ENST00000635906.1	-64589	GSE1
chr17	1878409	1878808	400	*	CD28-positive	-1.20461899144877	+	24.9979237480395	57.6143131437969	1878608	Promoter	17	1879035	1900082	21048	1	6117	ENST00000574049.1	-227	RPA1
chr17	17109906	17110305	400	*	CD28-positive	-1.2210936652314	+	63.8835829116565	148.927564164154	17110105	Intron (ENST00000651222.2/23164, intron 3 of 23)	17	17131617	17138419	6803	1	23164	ENST00000584936.2	-21312	MPRIP
chr17	28848692	28849091	400	*	CD28-positive	-1.21247721610133	+	35.1822630527963	81.5296884110334	28848891	Exon (ENST00000582737.1/ENST00000582737.1, exon 1 of 2)	17	28759571	28842839	83269	2	55731	ENST00000583522.5	-5853	FAM222B
chr17	38960478	38960877	400	*	CD28-positive	-1.42423111699143	+	19.4428295818085	52.1790005830614	38960677	Intron (ENST00000378079.3/494188, intron 3 of 10)	17	38936432	38967403	30972	2	494188	ENST00000378079.3	6526	FBXO47
chr17	42072107	42072506	400	*	CD28-positive	-1.00417554294597	+	22.220376664924	44.5695629980316	42072306	Intron (ENST00000436535.4/201181, intron 1 of 8)	17	42061239	42065365	4127	2	201181	ENST00000453355.2	-6742	ZNF385C
chr17	44152891	44153290	400	*	CD28-positive	-1.16745570162932	+	21.2945276372188	47.8307505344729	44153090	Intron (ENST00000319977.8/78995, intron 5 of 9)	17	44154360	44162004	7645	1	78995	ENST00000588073.1	-1070	C17orf53
chr17	46962259	46962658	400	*	CD28-positive	-1.19841917511384	+	20.3686786095137	46.7436880223258	46962458	Intron (ENST00000640792.1/9570, intron 6 of 7)	17	46973017	46973100	84	1	100847067	ENST00000580047.1	-10359	MIR5089
chr17	48655907	48656306	400	*	CD28-positive	-1.08402885063518	+	33.330564997386	70.6590632895623	48656106	Intron (ENST00000628006.2/ENST00000628006.2, intron 3 of 5)	17	48607627	48633572	25946	2	3217	ENST00000567101.2	-22335	HOXB7
chr17	72710141	72710540	400	*	CD28-positive	-1.23158603904904	+	39.8115081913221	93.4873760446516	72710340	Intron (ENST00000255559.7/201266, intron 7 of 9)	17	72647109	72725614	78506	2	201266	ENST00000579988.1	15074	SLC39A11
chr17	79059377	79059776	400	*	CD28-positive	-1.23158603904904	+	19.4428295818085	45.6566255101787	79059576	Distal Intergenic	17	79046901	79048316	1416	1	114897	ENST00000582625.1	12476	C1QTNF1
chr17	79093587	79093986	400	*	CD28-positive	-1.07238744419978	+	62.0318848562461	130.447501457653	79093786	Intron (ENST00000583458.5/146713, intron 13 of 13)	17	79091947	79096693	4747	2	146713	ENST00000582880.6	2707	RBFOX3
chr18	322550	322949	400	*	CD28-positive	-1.00026049294258	+	24.9979237480395	50.0048755587672	322749	Intron (ENST00000400256.5/81035, intron 8 of 9)	18	254281	268050	13770	2	9984	ENST00000581269.5	-54500	THOC1
chr18	3985017	3985416	400	*	CD28-positive	-1.32780135430834	+	26.8496218034498	67.397875753121	3985216	Intron (ENST00000652891.1/101410534, intron 1 of 4)	18	3993077	4024150	31074	1	101410534	ENST00000661068.1	-7661	DLGAP1-AS4
chr18	79971549	79971948	400	*	CD28-positive	-1.53824737728309	+	17.5911315263982	51.0919380709143	79971748	3' UTR	18	79967493	79970805	3313	1	440498	ENST00000587347.1	4056	HSBP1L1
chr19	1624393	1624792	400	*	CD28-positive	-1.23158603904904	+	24.9979237480395	58.7013756559441	1624592	Intron (ENST00000611869.5/6929, intron 6 of 18)	19	1611687	1622236	10550	2	6929	ENST00000610756.4	-2157	TCF3
chr19	3516824	3517223	400	*	CD28-positive	-1.06166103760673	+	24.9979237480395	52.1790005830614	3517023	Intron (ENST00000441788.7/51343, intron 1 of 13)	19	3522984	3534839	11856	1	51343	ENST00000591290.5	-5761	FZR1
chr19	10280033	10280432	400	*	CD28-positive	-1.17269234999547	+	23.1462256926292	52.1790005830614	10280232	Intron (ENST00000423829.2/3383, intron 1 of 4)	19	10283282	10284098	817	1	3383	ENST00000592686.1	-2850	ICAM1
chr19	29887489	29887888	400	*	CD28-positive	-1.23158603904904	+	17.5911315263982	41.3083754615903	29887688	Distal Intergenic	19	29923644	30015695	92052	1	8725	ENST00000360605.8	-35756	URI1
chr19	41226366	41226765	400	*	CD28-positive	-1.10230302210407	+	32.4047159696808	69.5720007774152	41226565	Promoter	19	41226755	41260204	33450	1	558	ENST00000593513.1	0	AXL
chr19	41288910	41289309	400	*	CD28-positive	-1.02995217787939	+	21.2945276372188	43.4825004858845	41289109	Intron (ENST00000352456.7/11100, intron 7 of 14)	19	41298490	41301646	3157	1	11100	ENST00000600493.1	-9181	HNRNPUL1
chr19	56111602	56112001	400	*	CD28-positive	-1.09948250304169	+	37.0339611082067	79.3555633867392	56111801	Intron (ENST00000610935.2/126208, intron 1 of 2)	19	56089053	56103484	14432	2	126208	ENST00000586787.1	-8118	ZNF787
chr2	8438520	8438919	400	*	CD28-positive	-1.02213267342009	+	34.2564140250912	69.5720007774152	8438719	Exon (ENST00000664728.1/ENST00000664728.1, exon 3 of 3)	2	8321904	8383819	61916	2	339789	ENST00000666457.1	-54701	NA
chr2	10006567	10006966	400	*	CD28-positive	-1.05470827696496	+	48.1441494406686	100.009751117534	10006766	Distal Intergenic	2	9995306	10000866	5561	1	29841	ENST00000480736.1	11261	GRHL1
chr2	10164056	10164455	400	*	CD28-positive	-1.04603038589296	+	26.8496218034498	55.4401881195027	10164255	Intron (ENST00000641498.1/6241, intron 11 of 11)	2	10142325	10146132	3808	1	6241	ENST00000642996.1	21731	RRM2
chr2	28378985	28379384	400	*	CD28-positive	-1.00919361771259	+	51.8475455514893	104.358001166123	28379184	Distal Intergenic	2	28392448	28408802	16355	1	2355	ENST00000460736.1	-13064	FOSL2
chr2	32264709	32265108	400	*	CD28-positive	-1.27738972866216	+	28.7013198588602	69.5720007774152	32264908	Promoter	2	32224453	32264886	40434	2	58484	ENST00000402280.6	0	NLRC4
chr2	48016652	48017051	400	*	CD28-positive	-1.27111440323568	+	16.665282498693	40.2213129494431	48016851	Intron (ENST00000651429.1/ENST00000651429.1, intron 3 of 8)	2	47806920	47906498	99579	2	80204	ENST00000403359.8	-110154	FBXO11
chr2	48308209	48308608	400	*	CD28-positive	-1.30958855105031	+	16.665282498693	41.3083754615903	48308408	Intron (ENST00000651429.1/ENST00000651429.1, intron 2 of 8)	2	48314637	48373328	58692	1	3344	ENST00000413569.5	-6029	FOXN2
chr2	65163177	65163576	400	*	CD28-positive	-1.13537072378973	+	28.7013198588602	63.0496257045325	65163376	Distal Intergenic	2	65070696	65130331	59636	2	5861	ENST00000649427.1	-32846	RAB1A
chr2	74908837	74909236	400	*	CD28-positive	-1.13847663465756	+	22.220376664924	48.91781304662	74909036	Distal Intergenic	2	74918148	74932794	14647	1	102724515	ENST00000435984.1	-8912	NA
chr2	84874917	84875316	400	*	CD28-positive	-1.02299941723762	+	24.0720747203343	48.91781304662	84875116	Exon (ENST00000437175.1/ENST00000437175.1, exon 1 of 1)	2	84821666	84881084	59419	2	129293	ENST00000409520.7	5768	TRABD2A
chr2	96806571	96806970	400	*	CD28-positive	-1.07593516858884	+	40.7373572190273	85.8779384596219	96806770	Intron (ENST00000377075.3/26504, intron 5 of 6)	2	96812239	96813657	1419	2	100506036	ENST00000608609.1	6687	NA
chr2	99085365	99085764	400	*	CD28-positive	-1.00531018322536	+	28.7013198588602	57.6143131437969	99085564	Intron (ENST00000393483.8/80705, intron 10 of 20)	2	99018200	99078928	60729	2	80705	ENST00000489546.5	-6437	TSGA10
chr2	100643407	100643806	400	*	CD28-positive	-1.19506016302392	+	18.5169805541033	42.3954379737374	100643606	Intron (ENST00000658941.1/ENST00000658941.1, intron 2 of 2)	2	100607121	100611542	4422	1	105373507	ENST00000656514.1	36286	NA
chr2	106053084	106053483	400	*	CD28-positive	-1.75184285038238	+	35.1822630527963	118.489813824035	106053283	Distal Intergenic	2	106063246	106072401	9156	1	84417	ENST00000493478.5	-9763	C2orf40
chr2	110048530	110048929	400	*	CD28-positive	-1.36693789194392	+	56.4767906900151	145.666376627713	110048729	Intron (ENST00000637413.2/ENST00000637413.2, intron 1 of 24)	2	110069961	110070042	82	2	100422994	ENST00000578475.1	21113	MIR4267
chr2	128382129	128382528	400	*	CD28-positive	-1.05358773707104	+	51.8475455514893	107.619188702564	128382328	Distal Intergenic	2	128265480	128318868	53389	2	9394	ENST00000259241.7	-63261	HS6ST1
chr2	158034213	158034612	400	*	CD28-positive	-1.0158573479936	+	16.665282498693	33.6989378765605	158034412	Intron (ENST00000605860.5/151531, intron 3 of 9)	2	158101868	158135227	33360	1	151531	ENST00000460456.1	-67256	UPP2
chr2	172179401	172179800	400	*	CD28-positive	-1.13847663465756	+	37.0339611082067	81.5296884110334	172179600	Intron (ENST00000667725.1/ENST00000667725.1, intron 2 of 4)	2	172103006	172109982	6977	1	104326193	ENST00000448117.1	76395	DLX2-AS1
chr2	203510850	203511249	400	*	CD28-positive	-1.03067334512304	+	46.2924513852583	94.5744385567988	203511049	Intron (ENST00000457812.5/65059, intron 1 of 13)	2	203444850	203495353	50504	2	65059	ENST00000418114.5	-15497	RAPH1
chr2	205034037	205034436	400	*	CD28-positive	-1.23158603904904	+	19.4428295818085	45.6566255101787	205034236	Intron (ENST00000406610.7/117583, intron 3 of 22)	2	204965152	205620162	655011	1	117583	ENST00000622699.2	68885	PARD3B
chr2	207143382	207143781	400	*	CD28-positive	-1.144475375279	+	237.017351092523	523.964130854908	207143581	Intron (ENST00000309446.11/8609, intron 1 of 3)	2	207123898	207134137	10240	2	8609	ENST00000435602.1	-9245	KLF7
chr2	216554292	216554691	400	*	CD28-positive	-1.03894096110664	+	18.5169805541033	38.0471879251489	216554491	Intron (ENST00000446558.5/6168, intron 3 of 3)	2	216590426	216606938	16513	2	101928232	ENST00000449783.1	52247	NA
chr2	239751634	239752033	400	*	CD28-positive	-1.01818240093984	+	37.0339611082067	75.0073133381507	239751833	Distal Intergenic	2	239762860	239802883	40024	1	150935	ENST00000407524.1	-10827	NA
chr2	239756881	239757280	400	*	CD28-positive	-1.00417554294597	+	22.220376664924	44.5695629980316	239757080	Distal Intergenic	2	239762860	239802883	40024	1	150935	ENST00000407524.1	-5580	NA
chr20	41632890	41633289	400	*	CD28-positive	-1.09218298238362	+	35.1822630527963	75.0073133381507	41633089	Distal Intergenic	20	41514920	41618384	103465	2	84181	ENST00000482596.1	-14506	CHD6
chr20	49823498	49823897	400	*	CD28-positive	-1.04716146791161	+	23.1462256926292	47.8307505344729	49823697	Intron (ENST00000417961.5/23315, intron 3 of 15)	20	49812894	49815444	2551	1	23315	ENST00000489787.1	10604	SLC9A8
chr20	51129076	51129475	400	*	CD28-positive	-1.09140838100078	+	24.9979237480395	53.2660630952085	51129275	Distal Intergenic	20	51009565	51023107	13543	2	3755	ENST00000439216.5	-105969	KCNG1
chr20	54047699	54048098	400	*	CD28-positive	-1.07958294560399	+	18.5169805541033	39.134250437296	54047898	Intron (ENST00000371435.6/8537, intron 3 of 9)	20	53936777	54028700	91924	2	8537	ENST00000448484.5	-18999	BCAS1
chr21	29210133	29210532	400	*	CD28-positive	-1.26261293466966	+	21.2945276372188	51.0919380709143	29210332	Intron (ENST00000447125.5/193629, intron 2 of 2)	21	29194147	29321355	127209	1	571	ENST00000550131.5	15986	BACH1
chr21	37195928	37196327	400	*	CD28-positive	-1.29298658371318	+	21.2945276372188	52.1790005830614	37196127	Exon (ENST00000355666.5/7267, exon 42 of 46)	21	37194453	37197947	3495	1	7267	ENST00000488522.1	1475	TTC3
chr22	18346047	18346446	400	*	CD28-positive	-1.06808730676616	+	38.885659163617	81.5296884110334	18346246	Distal Intergenic	22	18370585	18386480	15896	2	729461	ENST00000613790.4	40034	AC011718.2
chr22	22764050	22764449	400	*	CD28-positive	-1.66768515385571	+	15.7394334709878	50.0048755587672	22764249	Distal Intergenic	22	22822776	22822871	96	1	723778	ENST00000385101.1	-58327	IGLV2-8
chr22	28019262	28019661	400	*	CD28-positive	-1.3648525699125	+	28.7013198588602	73.9202508260036	28019461	Intron (ENST00000612946.4/23331, intron 11 of 20)	22	27997411	28002588	5178	1	284900	ENST00000663167.1	21851	TTC28-AS1
chr22	30225530	30225929	400	*	CD28-positive	-1.40702804545892	+	53.6992436068996	142.405189091272	30225729	Distal Intergenic	22	30239194	30240538	1345	1	110806283	ENST00000447565.1	-13265	NA
chr22	30706000	30706399	400	*	CD28-positive	-1.63876142055491	+	21.2945276372188	66.3108132409738	30706199	Intron (ENST00000438716.3/23762, intron 2 of 14)	22	30694889	30906406	211518	1	23762	ENST00000446658.6	11111	OSBP2
chr22	36542015	36542414	400	*	CD28-positive	-1.19841917511384	+	20.3686786095137	46.7436880223258	36542214	Distal Intergenic	22	36523115	36529184	6070	2	8664	ENST00000432675.4	-12831	EIF3D
chr22	41788231	41788630	400	*	CD28-positive	-1.25805825041023	+	49.995847496079	119.576876336182	41788430	Intron (ENST00000401548.8/150365, intron 26 of 30)	22	41781735	41799456	17722	1	150365	ENST00000403492.5	6496	MEI1
chr3	11227506	11227905	400	*	CD28-positive	-1.10605515696518	+	27.775470831155	59.7884381680912	11227705	Intron (ENST00000438284.2/3269, intron 1 of 1)	3	11226031	11259075	33045	1	3269	ENST00000413416.1	1475	HRH1
chr3	13564712	13565111	400	*	CD28-positive	-1.31250603443261	+	24.0720747203343	59.7884381680912	13564911	Intron (ENST00000404922.8/2199, intron 1 of 17)	3	13566476	13570831	4356	1	2199	ENST00000465610.1	-1365	FBLN2
chr3	15520103	15520502	400	*	CD28-positive	-1.20243969338952	+	23.1462256926292	53.2660630952085	15520302	Intron (ENST00000383788.10/8292, intron 1 of 16)	3	15450133	15521706	71574	2	8292	ENST00000383788.10	1204	COLQ
chr3	27837095	27837494	400	*	CD28-positive	-1.26720994877976	+	37.0339611082067	89.1391259960632	27837294	Intron (ENST00000653125.1/105377007, intron 4 of 4)	3	27830888	27834136	3249	2	100996624	ENST00000432163.1	-2959	AC098973.1
chr3	30012899	30013298	400	*	CD28-positive	-1.11294154255042	+	17.5911315263982	38.0471879251489	30013098	Distal Intergenic	3	29988073	29991715	3643	1	27303	ENST00000497274.1	24826	RBMS3
chr3	59411153	59411552	400	*	CD28-positive	-1.33467953201314	+	24.9979237480395	63.0496257045325	59411352	Intron (ENST00000668131.1/ENST00000668131.1, intron 4 of 6)	3	58742006	59050084	308079	2	200844	ENST00000295966.11	-361069	C3orf67
chr3	60017653	60018052	400	*	CD28-positive	-1.05101379340722	+	78.6971673549391	163.059376822067	60017852	Intron (ENST00000492590.6/2272, intron 5 of 9)	3	60011371	60014150	2780	2	2272	ENST00000341848.5	-3503	FHIT
chr3	67409979	67410378	400	*	CD28-positive	-1.23158603904904	+	22.220376664924	52.1790005830614	67410178	Intron (ENST00000493112.5/8801, intron 9 of 10)	3	67374719	67528222	153504	2	8801	ENST00000460567.5	117844	SUCLG2
chr3	70990166	70990565	400	*	CD28-positive	-1.07030513201598	+	48.1441494406686	101.096813629681	70990365	Intron (ENST00000649528.3/27086, intron 13 of 20)	3	70977643	70979307	1665	2	27086	ENST00000647829.1	-10859	FOXP1
chr3	108546274	108546673	400	*	CD28-positive	-1.04450048644854	+	34.2564140250912	70.6590632895623	108546473	Distal Intergenic	3	108380368	108529322	148955	2	22989	ENST00000273353.4	-16952	MYH15
chr3	133362603	133363002	400	*	CD28-positive	-1.0158573479936	+	33.330564997386	67.397875753121	133362802	Intron (ENST00000321871.11/66000, intron 3 of 5)	3	133379717	133396192	16476	1	66000	ENST00000511388.1	-16715	TMEM108
chr3	143751612	143752011	400	*	CD28-positive	-1.40151104049135	+	22.220376664924	58.7013756559441	143751811	Intron (ENST00000316549.11/285195, intron 4 of 15)	3	143552419	143698149	145731	2	285195	ENST00000483124.1	-53463	SLC9A9
chr3	153311535	153311934	400	*	CD28-positive	-1.02008193385533	+	30.5530179142705	61.9625631923854	153311734	Distal Intergenic	3	153384934	153387368	2435	2	105374165	ENST00000492569.1	75434	NA
chr3	153462525	153462924	400	*	CD28-positive	-1.03894096110664	+	85.1781105488753	175.017064455685	153462724	Intron (ENST00000648073.1/152118, intron 2 of 4)	3	153484495	153502697	18203	1	152118	ENST00000623038.1	-21571	NA
chr3	157067002	157067401	400	*	CD28-positive	-1.00602633863391	+	316.640367475167	635.931569606061	157067201	Distal Intergenic	3	157081738	157088547	6810	1	105374177	ENST00000661446.1	-14337	RP11-6F2.5
chr3	184785057	184785456	400	*	CD28-positive	-1.01746123369619	+	26.8496218034498	54.3531256073556	184785256	Distal Intergenic	3	184725013	184773178	48166	2	101928992	ENST00000657359.1	-11879	RP11-329B9.1
chr3	186916355	186916754	400	*	CD28-positive	-1.10749569132439	+	84.2522615211701	181.539439528568	186916554	Distal Intergenic	3	186930325	187019407	89083	1	6480	ENST00000676786.1	-13571	ST6GAL1
chr4	4269906	4270305	400	*	CD28-positive	-1.16187706723763	+	49.0699984683738	109.793313726858	4270105	Promoter	4	4267701	4268932	1232	2	55646	ENST00000502917.1	-974	LYAR
chr4	16890627	16891026	400	*	CD28-positive	-1.59415611843375	+	19.4428295818085	58.7013756559441	16890826	Intron (ENST00000515064.5/9079, intron 1 of 7)	4	16750850	16898378	147529	2	9079	ENST00000504189.1	7352	LDB2
chr4	38654233	38654632	400	*	CD28-positive	-1.02513516158161	+	41.6632062467325	84.7908759474747	38654432	Intron (ENST00000655930.1/79667, intron 1 of 9)	4	38664197	38690751	26555	1	51274	ENST00000514033.1	-9565	KLF3
chr4	40152649	40153048	400	*	CD28-positive	-1.15358352704777	+	17.5911315263982	39.134250437296	40152848	3' UTR	4	40191053	40243995	52943	1	399	ENST00000505618.5	-38005	RHOH
chr4	75598347	75598746	400	*	CD28-positive	-1.19094405455169	+	16.665282498693	38.0471879251489	75598546	Intron (ENST00000307465.9/8999, intron 7 of 13)	4	75596080	75597140	1061	2	8999	ENST00000515793.1	-1207	CDKL2
chr4	83170809	83171208	400	*	CD28-positive	-1.07958294560399	+	18.5169805541033	39.134250437296	83171008	Distal Intergenic	4	83090806	83137075	46270	2	51316	ENST00000505406.5	-33734	PLAC8
chr4	83212446	83212845	400	*	CD28-positive	-1.07918611021684	+	374.043007192887	790.29444633095	83212645	Distal Intergenic	4	83263824	83279058	15235	2	27235	ENST00000503915.5	66213	COQ2
chr4	85127604	85128003	400	*	CD28-positive	-1.10605515696518	+	16.665282498693	35.8730629008547	85127803	Distal Intergenic	4	84969774	84987173	17400	1	404201	ENST00000651069.1	157830	WDFY3-AS2
chr4	104758577	104758976	400	*	CD28-positive	-1.00417554294597	+	22.220376664924	44.5695629980316	104758776	Intron (ENST00000515127.1/ENST00000515127.1, intron 3 of 5)	4	104638605	104734546	95942	1	101929468	ENST00000655215.1	119972	AC004053.1
chr4	108029294	108029693	400	*	CD28-positive	-1.10152549848466	+	26.8496218034498	57.6143131437969	108029493	Exon (ENST00000514776.2/3033, exon 1 of 2)	4	108027619	108035105	7487	1	3033	ENST00000514776.2	1675	HADH
chr4	108840460	108840859	400	*	CD28-positive	-1.00602633863391	+	35.1822630527963	70.6590632895623	108840659	Intron (ENST00000399132.6/84570, intron 31 of 37)	4	108824174	108832692	8519	2	84570	ENST00000505377.1	-7768	COL25A1
chr4	115484544	115484943	400	*	CD28-positive	-1.34261735143778	+	23.1462256926292	58.7013756559441	115484743	Distal Intergenic	4	114827773	115113876	286104	2	64579	ENST00000613194.4	-370668	NDST4
chr4	140497776	140498175	400	*	CD28-positive	-1.04872198189923	+	38.885659163617	80.4426258988863	140497975	Promoter	4	140449956	140498222	48267	2	152586	ENST00000503109.6	47	MGAT4D
chr4	148152861	148153260	400	*	CD28-positive	-1.23158603904904	+	26.8496218034498	63.0496257045325	148153060	Intron (ENST00000514843.1/ENST00000514843.1, intron 1 of 2)	4	148152417	148154844	2428	2	4306	ENST00000503174.1	1584	NR3C2
chr4	151659133	151659532	400	*	CD28-positive	-1.12970642502982	+	20.3686786095137	44.5695629980316	151659332	Intron (ENST00000435205.6/729830, intron 13 of 13)	4	151670838	151675888	5051	2	5188	ENST00000510396.1	16356	GATB
chr4	152037361	152037760	400	*	CD28-positive	-1.603554816436	+	15.7394334709878	47.8307505344729	152037560	Intron (ENST00000671146.1/ENST00000671146.1, intron 3 of 3)	4	152090459	152104720	14262	1	100996286	ENST00000651553.1	-52699	RP11-18H21.1
chr4	185224572	185224971	400	*	CD28-positive	-1.02805264496391	+	17.5911315263982	35.8730629008547	185224771	Intron (ENST00000618785.4/83891, intron 1 of 17)	4	185210161	185267028	56868	1	83891	ENST00000506896.1	14411	SNX25
chr4	186723645	186724044	400	*	CD28-positive	-1.0940825152991	+	20.3686786095137	43.4825004858845	186723844	Promoter	4	186587794	186723856	136063	2	2195	ENST00000441802.7	0	FAT1
chr5	34958081	34958480	400	*	CD28-positive	-1.13428883769412	+	21.2945276372188	46.7436880223258	34958280	3' UTR	5	34953526	34954855	1330	1	134218	ENST00000509626.1	4555	DNAJC21
chr5	42675616	42676015	400	*	CD28-positive	-1.17018549438489	+	22.220376664924	50.0048755587672	42675815	Intron (ENST00000230882.9/2690, intron 3 of 9)	5	42713867	42718814	4948	1	2690	ENST00000513625.1	-37852	GHR
chr5	53267431	53267830	400	*	CD28-positive	-1.17500251068267	+	72.216224161003	163.059376822067	53267630	Distal Intergenic	5	53110095	53115055	4961	1	257396	ENST00000670486.1	157336	CTD-2366F13.1
chr5	55675017	55675416	400	*	CD28-positive	-1.02805264496391	+	17.5911315263982	35.8730629008547	55675216	5' UTR	5	55664560	55669665	5106	2	153129	ENST00000507447.1	-5352	SLC38A9
chr5	71549521	71549920	400	*	CD28-positive	-1.00919361771259	+	25.9237727757447	52.1790005830614	71549720	Exon (ENST00000358731.9/55814, exon 34 of 39)	5	71532374	71567820	35447	1	55814	ENST00000525844.1	17147	BDP1
chr5	74974741	74975140	400	*	CD28-positive	-1.19351799821552	+	88.881506659696	203.28068977151	74974940	Intron (ENST00000505200.1/ENST00000505200.1, intron 3 of 4)	5	75025346	75052558	27213	2	51301	ENST00000652361.2	77418	GCNT4
chr5	75023751	75024150	400	*	CD28-positive	-1.12467083513253	+	58.3284887454255	127.186313921212	75023950	Exon (ENST00000505200.1/ENST00000505200.1, exon 1 of 5)	5	75025346	75052558	27213	2	51301	ENST00000652361.2	28408	GCNT4
chr5	75461671	75462070	400	*	CD28-positive	-1.30197536694044	+	18.5169805541033	45.6566255101787	75461870	Intron (ENST00000644912.1/10087, intron 2 of 15)	5	75417011	75426438	9428	2	10087	ENST00000643380.1	-35233	COL4A3BP
chr5	77226814	77227213	400	*	CD28-positive	-1.10605515696518	+	16.665282498693	35.8730629008547	77227013	Intron (ENST00000646262.1/8622, intron 3 of 23)	5	77213944	77331459	117516	1	8622	ENST00000502945.1	12870	PDE8B
chr5	80307516	80307915	400	*	CD28-positive	-1.0129457525737	+	29.6271688865653	59.7884381680912	80307715	Distal Intergenic	5	80320002	80321842	1841	1	84654	ENST00000296739.6	-12087	SPZ1
chr5	119415141	119415540	400	*	CD28-positive	-1.06166103760673	+	24.9979237480395	52.1790005830614	119415340	Distal Intergenic	5	119452473	119477489	25017	1	3295	ENST00000511186.5	-36933	HSD17B4
chr5	134122534	134122933	400	*	CD28-positive	-1.05101379340722	+	110.176034296915	228.283127550894	134122733	Promoter	5	134123618	134142814	19197	1	6932	ENST00000519037.5	-685	TCF7
chr5	142287868	142288267	400	*	CD28-positive	-1.0158573479936	+	16.665282498693	33.6989378765605	142288067	Distal Intergenic	5	142314958	142324182	9225	2	81848	ENST00000511815.1	35915	SPRY4
chr5	148403294	148403693	400	*	CD28-positive	-1.42423111699143	+	25.9237727757447	69.5720007774152	148403493	Promoter	5	148404684	148410868	6185	1	81545	ENST00000502571.1	-991	FBXO38
chr5	150206418	150206817	400	*	CD28-positive	-1.15441817852658	+	44.440753329848	98.9226886053872	150206617	Intron (ENST00000230671.7/6534, intron 13 of 13)	5	150190251	150195204	4954	1	6534	ENST00000513403.1	16167	SLC6A7
chr5	177812291	177812690	400	*	CD28-positive	-1.23158603904904	+	23.1462256926292	54.3531256073556	177812490	Intron (ENST00000515065.5/728554, intron 1 of 3)	5	177809481	177882383	72903	1	728554	ENST00000506082.5	2810	NA
chr6	180149	180548	400	*	CD28-positive	-1.01746123369619	+	26.8496218034498	54.3531256073556	180348	Distal Intergenic	6	187661	204112	16452	2	285766	ENST00000651295.1	23564	RP3-416J7.4
chr6	21121740	21122139	400	*	CD28-positive	-1.27006018686367	+	34.2564140250912	82.6167509231805	21121939	Intron (ENST00000274695.8/54901, intron 13 of 15)	6	21200812	21231441	30630	1	54901	ENST00000476517.1	-78673	CDKAL1
chr6	29641791	29642190	400	*	CD28-positive	-1.0129457525737	+	29.6271688865653	59.7884381680912	29641990	Distal Intergenic	6	29630463	29633976	3514	2	2550	ENST00000462632.5	-7815	GABBR1
chr6	30821919	30822318	400	*	CD28-positive	-1.02299941723762	+	24.0720747203343	48.91781304662	30822118	Intron (ENST00000419357.5/401247, intron 1 of 1)	6	30798654	30830659	32006	2	401247	ENST00000419357.5	8341	LINC00243
chr6	30821919	30822318	400	*	CD28-positive	-1.02299941723762	+	24.0720747203343	48.91781304662	30822118	Intron (ENST00000419357.5/401247, intron 1 of 1)	6	30798654	30830659	32006	2	401247	ENST00000419357.5	8341	C6orf214
chr6	37726005	37726404	400	*	CD28-positive	-1.12970642502982	+	20.3686786095137	44.5695629980316	37726204	Distal Intergenic	6	37655723	37699306	43584	2	266727	ENST00000515437.5	-26699	MDGA1
chr6	79879128	79879527	400	*	CD28-positive	-1.03894096110664	+	18.5169805541033	38.0471879251489	79879327	Distal Intergenic	6	79803582	79833386	29805	2	89758	ENST00000669965.1	-45742	NA
chr6	87146423	87146822	400	*	CD28-positive	-1.07288829302998	+	22.220376664924	46.7436880223258	87146622	Distal Intergenic	6	87152833	87170364	17532	1	23036	ENST00000392985.3	-6011	ZNF292
chr6	87670602	87671001	400	*	CD28-positive	-1.02805264496391	+	17.5911315263982	35.8730629008547	87670801	Distal Intergenic	6	87650930	87653214	2285	1	23595	ENST00000508875.1	19672	ORC3
chr6	89925840	89926239	400	*	CD28-positive	-1.27340621474367	+	15.7394334709878	38.0471879251489	89926039	Distal Intergenic	6	89894469	89896120	1652	1	84694	ENST00000369352.1	31371	GJA10
chr6	134997470	134997869	400	*	CD28-positive	-1.11294154255042	+	17.5911315263982	38.0471879251489	134997669	Exon (ENST00000367837.10/10767, exon 6 of 18)	6	134982293	134987745	5453	2	10767	ENST00000529169.1	-9725	HBS1L
chr6	136703420	136703819	400	*	CD28-positive	-1.15358352704777	+	17.5911315263982	39.134250437296	136703619	Intron (ENST00000359015.5/4217, intron 3 of 29)	6	136629066	136648198	19133	1	101928461	ENST00000432477.2	74354	NA
chr6	157585276	157585675	400	*	CD28-positive	-1.40151104049135	+	22.220376664924	58.7013756559441	157585475	Intron (ENST00000414563.6/79683, intron 2 of 8)	6	157592773	157673938	81166	1	79683	ENST00000341375.12	-7098	ZDHHC14
chr6	158242568	158242967	400	*	CD28-positive	-1.01746123369619	+	26.8496218034498	54.3531256073556	158242767	Exon (ENST00000344851.4/ENST00000344851.4, exon 1 of 2)	6	158312465	158511828	199364	1	56995	ENST00000367097.8	-69498	TULP4
chr6	158917618	158918017	400	*	CD28-positive	-1.34706325646897	+	16.665282498693	42.3954379737374	158917817	Exon (ENST00000643288.2/100130967, exon 4 of 5)	6	158895217	158910352	15136	1	100130967	ENST00000608817.2	22401	NA
chr6	163766140	163766539	400	*	CD28-positive	-1.00026049294258	+	24.9979237480395	50.0048755587672	163766339	Intron (ENST00000657614.1/ENST00000657614.1, intron 3 of 4)	6	163566458	163571452	4995	1	9444	ENST00000541696.1	199682	QKI
chr7	1011183	1011582	400	*	CD28-positive	-1.11129180533133	+	46.2924513852583	100.009751117534	1011382	Intron (ENST00000357429.10/84310, intron 2 of 4)	7	1022933	1023026	94	2	442907	ENST00000362153.3	11444	MIR339
chr7	1150378	1150777	400	*	CD28-positive	-1.00715447243899	+	54.6250926346048	109.793313726858	1150577	Distal Intergenic	7	1152906	1155677	2772	2	90637	ENST00000471448.2	4900	ZFAND2A
chr7	24406234	24406633	400	*	CD28-positive	-1.02347784371884	+	62.0318848562461	126.099251409065	24406433	Intron (ENST00000662001.1/ENST00000662001.1, intron 1 of 1)	7	24285107	24291824	6718	1	4852	ENST00000405982.1	121127	NPY
chr7	37952247	37952646	400	*	CD28-positive	-1.09665645896293	+	25.9237727757447	55.4401881195027	37952446	Intron (ENST00000447200.2/6424, intron 1 of 5)	7	37921320	37950805	29486	1	54749	ENST00000425345.1	30927	EPDR1
chr7	65252277	65252676	400	*	CD28-positive	-1.17644448485658	+	37.0339611082067	83.7038134353276	65252476	Distal Intergenic	7	65141241	65212794	71554	1	285905	ENST00000438455.3	111036	NA
chr7	74573532	74573931	400	*	CD28-positive	-1.08573517258558	+	24.0720747203343	51.0919380709143	74573731	Intron (ENST00000265755.7/9569, intron 22 of 26)	7	74600960	74602583	1624	1	9569	ENST00000486086.1	-27029	GTF2IRD1
chr7	88835120	88835519	400	*	CD28-positive	-1.44103940467799	+	14.8135844432827	40.2213129494431	88835319	Intron (ENST00000333190.5/219578, intron 1 of 3)	7	88794106	88795737	1632	2	219557	ENST00000297203.3	-39383	C7orf62
chr7	121482072	121482471	400	*	CD28-positive	-1.00919361771259	+	25.9237727757447	52.1790005830614	121482271	Distal Intergenic	7	121360056	121396364	36309	2	10447	ENST00000412653.5	-85708	FAM3C
chr7	144517760	144518159	400	*	CD28-positive	-1.15358352704777	+	35.1822630527963	78.2685008745921	144517959	Intron (ENST00000482940.5/27010, intron 11 of 11)	7	144397240	144410227	12988	2	135935	ENST00000483238.5	-107533	NOBOX
chr7	150003372	150003771	400	*	CD28-positive	-1.05755663927399	+	20.3686786095137	42.3954379737374	150003571	Intron (ENST00000565102.1/ENST00000565102.1, intron 1 of 1)	7	150033653	150045092	11440	1	100134040	ENST00000665116.1	-29882	NA
chr7	150305883	150306282	400	*	CD28-positive	-1.20121239000552	+	22.220376664924	51.0919380709143	150306082	Intron (ENST00000478393.5/653857, intron 1 of 5)	7	150247213	150302980	55768	2	653857	ENST00000252071.8	-2903	ACTR3C
chr7	151461557	151461956	400	*	CD28-positive	-1.08719612971386	+	19.4428295818085	41.3083754615903	151461756	Distal Intergenic	7	151470299	151471803	1505	2	6009	ENST00000470072.1	9847	RHEB
chr7	155328637	155329036	400	*	CD28-positive	-1.34347891911994	+	28.7013198588602	72.8331883138565	155328836	Distal Intergenic	7	155301607	155303018	1412	1	3638	ENST00000468307.1	27030	INSIG1
chr7	157592805	157593204	400	*	CD28-positive	-1.08822186387786	+	34.2564140250912	72.8331883138565	157593004	Intron (ENST00000389413.7/5799, intron 16 of 21)	7	157574336	157574422	87	2	406945	ENST00000385225.1	-18383	MIR153-2
chr7	158494050	158494449	400	*	CD28-positive	-1.19506016302392	+	18.5169805541033	42.3954379737374	158494249	Intron (ENST00000389413.7/5799, intron 1 of 21)	7	158532718	158532813	96	2	693180	ENST00000384905.1	38364	MIR595
chr8	19550832	19551231	400	*	CD28-positive	-1.08573517258558	+	24.0720747203343	51.0919380709143	19551031	Intron (ENST00000454498.6/55790, intron 3 of 9)	8	19506037	19532020	25984	2	55790	ENST00000522732.1	-18812	CSGALNACT1
chr8	29020478	29020877	400	*	CD28-positive	-1.08822186387786	+	34.2564140250912	72.8331883138565	29020677	Intron (ENST00000558662.5/79618, intron 6 of 9)	8	29046300	29050654	4355	1	79618	ENST00000517386.1	-25423	HMBOX1
chr8	59381103	59381502	400	*	CD28-positive	-1.01399460397641	+	138.877354155775	280.462128133955	59381302	Distal Intergenic	8	59119946	59121315	1370	1	100505501	ENST00000517898.1	261157	NA
chr8	124006582	124006981	400	*	CD28-positive	-1.02299941723762	+	24.0720747203343	48.91781304662	124006781	Intron (ENST00000522917.5/654463, intron 13 of 40)	8	123984138	124040782	56645	2	439941	ENST00000518567.1	33801	FER1L6-AS1
chr8	125951129	125951528	400	*	CD28-positive	-1.14043815099084	+	90.7332047151063	200.019502235069	125951328	Promoter	8	125859721	125951150	91430	2	100130231	ENST00000651667.1	0	LINC00861
chr9	1171544	1171943	400	*	CD28-positive	-1.09140838100078	+	49.995847496079	106.532126190417	1171743	Distal Intergenic	9	1054624	1057551	2928	1	10655	ENST00000634824.1	116920	DMRT2
chr9	5999702	6000101	400	*	CD28-positive	-1.06983496905243	+	30.5530179142705	64.1366882166796	5999901	Intron (ENST00000381461.6/158358, intron 1 of 6)	9	5919022	6007787	88766	2	158358	ENST00000381461.6	7686	KIAA2026
chr9	14156029	14156428	400	*	CD28-positive	-1.15758545760526	+	18.5169805541033	41.3083754615903	14156228	Intron (ENST00000543693.5/4781, intron 2 of 10)	9	14088304	14180792	92489	2	4781	ENST00000380924.1	24364	NFIB
chr9	21901549	21901948	400	*	CD28-positive	-1.06557608761011	+	21.2945276372188	44.5695629980316	21901748	Intron (ENST00000404796.3/4507, intron 4 of 4)	9	21859323	21862220	2898	1	4507	ENST00000484957.1	42226	MTAP
chr9	33417063	33417462	400	*	CD28-positive	-1.2850252980105	+	49.0699984683738	119.576876336182	33417262	Distal Intergenic	9	33385458	33402682	17225	2	364	ENST00000624005.3	-14381	AQP7
chr9	74735759	74736158	400	*	CD28-positive	-1.07958294560399	+	18.5169805541033	39.134250437296	74735958	Intron (ENST00000361255.7/140803, intron 36 of 38)	9	74820232	74834057	13826	2	140803	ENST00000483186.1	97899	TRPM6
chr9	78101278	78101677	400	*	CD28-positive	-1.0766113790727	+	49.995847496079	105.44506367827	78101477	Distal Intergenic	9	77716097	78031811	315715	2	2776	ENST00000286548.9	-69467	GNAQ
chr9	91978705	91979104	400	*	CD28-positive	-1.10034150577079	+	21.2945276372188	45.6566255101787	91978904	Distal Intergenic	9	91722601	91950228	227628	2	4920	ENST00000375708.4	-28477	ROR2
chr9	96441817	96442216	400	*	CD28-positive	-1.23158603904904	+	19.4428295818085	45.6566255101787	96442016	Distal Intergenic	9	96450169	96491336	41168	1	22927	ENST00000375249.5	-7953	HABP4
chr9	99069129	99069528	400	*	CD28-positive	-1.07404476206256	+	26.8496218034498	56.5272506316498	99069328	Intron (ENST00000610452.1/1306, intron 42 of 42)	9	99038673	99041377	2705	1	1306	ENST00000496686.1	30456	COL15A1
chr9	108142724	108143123	400	*	CD28-positive	-1.04716146791161	+	23.1462256926292	47.8307505344729	108142923	Distal Intergenic	9	107488989	107490482	1494	2	9314	ENST00000420475.1	-652242	KLF4
chrX	48025633	48026032	400	*	CD28-positive	-1.09072350320919	+	39.8115081913221	84.7908759474747	48025832	Intron (ENST00000428463.5/57232, intron 9 of 11)	23	48007796	48009729	1934	1	729201	ENST00000376940.3	17837	SPACA5B
chrX	49117632	49118031	400	*	CD28-positive	-1.14585616502315	+	24.0720747203343	53.2660630952085	49117831	Exon (ENST00000156109.7/27238, exon 5 of 11)	23	49113407	49123735	10329	2	27238	ENST00000156109.7	5704	GPKOW
chrX	56343663	56344062	400	*	CD28-positive	-1.09728494733745	+	41.6632062467325	89.1391259960632	56343862	Distal Intergenic	23	56233212	56284655	51444	1	11279	ENST00000640927.1	110451	KLF8
chrX	65894130	65894529	400	*	CD28-positive	-1.03364666143713	+	36.1081120805015	73.9202508260036	65894329	Distal Intergenic	23	66018870	66018979	110	1	407008	ENST00000385204.1	-124341	MIR223
chrX	119266386	119266785	400	*	CD28-positive	-1.03894096110664	+	25.9237727757447	53.2660630952085	119266585	Distal Intergenic	23	119291529	119335610	44082	1	101928336	ENST00000428222.1	-24744	RP5-1139I1.1
chrX	120571158	120571557	400	*	CD28-positive	-1.01399460397641	+	23.1462256926292	46.7436880223258	120571357	Exon (ENST00000486604.1/8450, exon 3 of 3)	23	120571176	120575524	4349	2	8450	ENST00000486604.1	3967	CUL4B
chrY	12598794	12599193	400	*	CD28-positive	-1.04872198189923	+	58.3284887454255	120.663938848329	12598993	Intron (ENST00000457658.6/64595, intron 3 of 8)	24	12537650	12708869	171220	1	64595	ENST00000457658.6	61144	TTTY15
